URL,Type,Status Code,Replacement URL,Priority,Decision Confidence,GSC Indexing Blocker,Top Inlink Sources,Notes,Implementation Notes
https://tokentopnews.com/category/altcoins/,category_archive,301,https://tokentopnews.com/altcoins/,Critical,High,,/world-launches-agentkit-ai-agents-cryptographic-identity-proofs/ (1),Legacy archive path still appears in crawl/GSC and should be consolidated | Replacement candidate: https://tokentopnews.com/altcoins/,301 old /category/ path to https://tokentopnews.com/altcoins/.
https://tokentopnews.com/category/bitcoin/,category_archive,301,https://tokentopnews.com/bitcoin/,Critical,High,,/sec-bitcoin-mining-rewards-not-securities/ (1) | /sec-cftc-bitcoin-mining-rewards-protocol-mining-clarification/ (1) | /blockstream-jade-first-hardware-wallet-lightning-network/ (1),Legacy archive path still appears in crawl/GSC and should be consolidated | Replacement candidate: https://tokentopnews.com/bitcoin/,301 old /category/ path to https://tokentopnews.com/bitcoin/.
https://tokentopnews.com/category/crypto-insights/,category_archive,301,https://tokentopnews.com/crypto-insights/,Critical,High,,/world-launches-agentkit-ai-agents-cryptographic-identity-proofs/ (1) | /bitcoin-etf-flows-today-219m-daily-inflow-825m-weekly/ (1),Legacy archive path still appears in crawl/GSC and should be consolidated | Replacement candidate: https://tokentopnews.com/crypto-insights/,301 old /category/ path to https://tokentopnews.com/crypto-insights/.
https://tokentopnews.com/category/crypto-regulation/,category_archive,301,https://tokentopnews.com/crypto-regulation/,Critical,High,,/sec-bitcoin-mining-rewards-not-securities/ (1) | /sec-cftc-bitcoin-mining-rewards-protocol-mining-clarification/ (1),Legacy archive path still appears in crawl/GSC and should be consolidated | Replacement candidate: https://tokentopnews.com/crypto-regulation/,301 old /category/ path to https://tokentopnews.com/crypto-regulation/.
https://tokentopnews.com/news/,legacy_news_archive,404,,Critical,High,,/hedera-hbar-price-brian-brooks-and-sec/ (1) | /tether-usdt-collaboration-fbi-and-secret-service/ (1) | /grayscale-smart-contract-fund-updates-holdings/ (1),Legacy archive path still appears in crawl/GSC and should be consolidated,Legacy /news/ path still needs a manual destination before redirecting.
https://tokentopnews.com/news/altcoin/,legacy_news_archive,301,https://tokentopnews.com/altcoin-bitcoin-decoupling-market-volatility/,Critical,High,,/gary-gensler-cryptocurrency-is-full-of-scammers/ (1),Legacy archive path still appears in crawl/GSC and should be consolidated | Replacement candidate: https://tokentopnews.com/altcoin-bitcoin-decoupling-market-volatility/,301 legacy /news/ path to https://tokentopnews.com/altcoin-bitcoin-decoupling-market-volatility/.
https://tokentopnews.com/news/bitcoin-btc/,legacy_news_archive,301,https://tokentopnews.com/bitcoin-btc-price-prediction-2025-2030/,Critical,High,,/what-are-bip-and-why-should-every-crypto-trader-follow-them/ (3) | /binance-adopts-bitcoin-nfts/ (2) | /politics-and-cryptocurrency-merge-in-argentina/ (2),Legacy archive path still appears in crawl/GSC and should be consolidated | Replacement candidate: https://tokentopnews.com/bitcoin-btc-price-prediction-2025-2030/,301 legacy /news/ path to https://tokentopnews.com/bitcoin-btc-price-prediction-2025-2030/.
https://tokentopnews.com/news/ethereum-eth/,legacy_news_archive,301,https://tokentopnews.com/ethereum-eth-whale-activity-and-solana-sol-bullish-push-gain-momentum-but-cold-wallets-stage-2-privacy-token-leads-long-term-value-plays/,Critical,High,,/cardano-ada-vs-ethereum-eth-pow/ (3) | /morgan-stanley-crypto-increasingly-centralized/ (2) | /ripple-and-ethereum-soon-to-be-interoperable/ (2),Legacy archive path still appears in crawl/GSC and should be consolidated | Replacement candidate: https://tokentopnews.com/ethereum-eth-whale-activity-and-solana-sol-bullish-push-gain-momentum-but-cold-wallets-stage-2-privacy-token-leads-long-term-value-plays/,301 legacy /news/ path to https://tokentopnews.com/ethereum-eth-whale-activity-and-solana-sol-bullish-push-gain-momentum-but-cold-wallets-stage-2-privacy-token-leads-long-term-value-plays/.
https://tokentopnews.com/news/metaverse/,legacy_news_archive,,,Critical,High,,,Legacy archive path still appears in crawl/GSC and should be consolidated,Legacy /news/ path still needs a manual destination before redirecting.
https://tokentopnews.com/crypto-topics/page/27/,pagination,404,,High,High,,/crypto-topics/page/2/ (1) | /crypto-topics/page/4/ (1) | /crypto-topics/ (1),,Broken URL has signals but no safe replacement was inferred; map manually.
https://tokentopnews.com/crypto-topics/page/5/,pagination,404,,High,High,,/crypto-topics/page/4/ (3),,Broken URL has signals but no safe replacement was inferred; map manually.
https://tokentopnews.com/crypto-topics/page/6/,pagination,404,,High,High,,/crypto-topics/page/4/ (1),,Broken URL has signals but no safe replacement was inferred; map manually.
https://tokentopnews.com/?amp=1,parameter,,https://tokentopnews.com/,Critical,High,Trang có lệnh chuyển hướng,,Replacement candidate: https://tokentopnews.com/ | Trang có lệnh chuyển hướng,301 query/variant URL to the clean canonical URL.
https://tokentopnews.com/?p=3250,parameter,,https://tokentopnews.com/,Critical,High,,,Replacement candidate: https://tokentopnews.com/,301 query/variant URL to the clean canonical URL.
https://tokentopnews.com/?p=3569,parameter,,https://tokentopnews.com/,Critical,High,,,Replacement candidate: https://tokentopnews.com/,301 query/variant URL to the clean canonical URL.
https://tokentopnews.com/?pa_service_worker=1,parameter,,https://tokentopnews.com/,Critical,High,Trang có lệnh chuyển hướng,,Replacement candidate: https://tokentopnews.com/ | Trang có lệnh chuyển hướng,301 query/variant URL to the clean canonical URL.
https://tokentopnews.com/1000x-meme-coin-pepe-jumps-9-8-official-trump-5-1-invest-in-apemars-now-claim-your-early-presale-bonus-with-easter100/,post,404,,Critical,High,,/bhutan-moves-319-7-btc-to-two-wallets/ (1) | /btc-shorts-win-0x2fc3-closes-losing-long-flips-short/ (1),,Broken URL has signals but no safe replacement was inferred; map manually.
https://tokentopnews.com/12-year-old-explained-bitcoin-at-8-in-2011-now-its-above-70k/,post,404,,Critical,High,,/bhutan-moves-319-7-btc-to-two-wallets/ (1) | /btc-shorts-win-0x2fc3-closes-losing-long-flips-short/ (1),,Broken URL has signals but no safe replacement was inferred; map manually.
https://tokentopnews.com/160m-crypto-shorts-liquidated-us-iran-ceasefire/,post,404,,Critical,High,,/bitcoin-defensive-exchange-reserve-comparison/ (1),,Broken URL has signals but no safe replacement was inferred; map manually.
https://tokentopnews.com/160m-in-crypto-shorts-liquidated-after-us-iran-ceasefire/,post,404,,Critical,High,,/circle-stablecoin-payouts-circle-mint-singapore/ (1),,Broken URL has signals but no safe replacement was inferred; map manually.
https://tokentopnews.com/5-top-cryptos-invest-meme-evolution-apemars-shiba-inu-bonk-floki/,post,404,,Critical,High,,/bank-of-korea-crypto-protection-mechanism/ (1),,Broken URL has signals but no safe replacement was inferred; map manually.
https://tokentopnews.com/5-top-meme-coins-rise-apemars-next-crypto-hit-1/,post,404,,Critical,High,,/strategy-strc-proceeds-16800-btc-weekly-buying-power/ (1),,Broken URL has signals but no safe replacement was inferred; map manually.
https://tokentopnews.com/5-top-meme-coins-rise-while-apemars-breaks-away-from-the-pack-as-the-next-crypto-to-hit-1/,post,404,,Critical,High,,/ai-stablecoin-adoption-expanding-crypto-use/ (1),,Broken URL has signals but no safe replacement was inferred; map manually.
https://tokentopnews.com/500m-usdt-transferred-from-binance-to-tether-treasury/,post,404,,Critical,High,,/feds-barr-warns-private-money-needs-stablecoin-safeguards/ (1),,Broken URL has signals but no safe replacement was inferred; map manually.
https://tokentopnews.com/aave-surges-aptos-v3-launch/N/A,post,404,,Critical,High,,/aave-surges-aptos-v3-launch/ (1),,Broken URL has signals but no safe replacement was inferred; map manually.
https://tokentopnews.com/aguilatrades-bitcoin-long-position-market-impact/N/A,post,404,,Critical,High,,/aguilatrades-bitcoin-long-position-market-impact/ (1),,Broken URL has signals but no safe replacement was inferred; map manually.
https://tokentopnews.com/ai-stablecoin-adoption-is-quietly-expanding-crypto-use/,post,404,,Critical,High,,/btc-bitcoin-pumping-above-73700-nearing-74000/ (1),,Broken URL has signals but no safe replacement was inferred; map manually.
https://tokentopnews.com/altcoin-bitcoin-decoupling-market-volatility/url_placeholder,post,404,,Critical,High,,/altcoin-bitcoin-decoupling-market-volatility/ (1),,Broken URL has signals but no safe replacement was inferred; map manually.
https://tokentopnews.com/altcoins-gain-during-metals-rally/N/A,post,404,,Critical,High,,/altcoins-gain-during-metals-rally/ (3),,Broken URL has signals but no safe replacement was inferred; map manually.
https://tokentopnews.com/amber-ceo-michael-wu-on-ftx-collapse-biggest-setback-of-my-life/,post,404,,Critical,High,,/new-hampshire-business-finance-authority-100m-bitcoin-backed-issuance/ (1) | /bitcoin-46-percent-below-ath-cycle-bottom-history/ (1),,Broken URL has signals but no safe replacement was inferred; map manually.
https://tokentopnews.com/amy-oldenburg-says-morgan-stanley-spot-bitcoin-etf-had-a-record-first-day/,post,404,,Critical,High,,/cz-1-billion-bet-okx-founder-divorce-claim/ (1),,Broken URL has signals but no safe replacement was inferred; map manually.
https://tokentopnews.com/apemars-presale-best-crypto-to-buy-today/,post,404,,Critical,High,,/polymarket-protocol-upgrade-pusd-official-documentation/ (1),,Broken URL has signals but no safe replacement was inferred; map manually.
https://tokentopnews.com/apemars-stage-16-converts-15k-into-419k-crypto-mission-surge-why-its-the-top-crypto-to-join-now-amid-dogwifhat-and-pudgy-penguins/,post,404,,Critical,High,,/genius-featured-on-binance-alpha/ (1),,Broken URL has signals but no safe replacement was inferred; map manually.
https://tokentopnews.com/apr-7-bitcoin-etf-net-flows-jump-454-06m-as-ethereum-etf-update-looms/,post,404,,Critical,High,,/160-million-crypto-shorts-liquidated-us-iran-ceasefire/ (1),,Broken URL has signals but no safe replacement was inferred; map manually.
https://tokentopnews.com/b-riley-whitefiber-stock-upside/No%20URL%20provided,post,404,,Critical,High,,/b-riley-whitefiber-stock-upside/ (1),,Broken URL has signals but no safe replacement was inferred; map manually.
https://tokentopnews.com/bank-of-korea-calls-for-crypto-protection-mechanism/,post,404,,Critical,High,,/bitcoin-etf-flows-today-240m-daily-inflow-771m-weekly/ (1),,Broken URL has signals but no safe replacement was inferred; map manually.
https://tokentopnews.com/based-now-live-binance-alpha-listing-details/,post,404,,Critical,High,,/trust-wallet-prediction-markets-myriad-polymarket/ (1),,Broken URL has signals but no safe replacement was inferred; map manually.
https://tokentopnews.com/based-now-live-on-binance-alpha-listing-details-and-what-it-means/,post,404,,Critical,High,,/dubai-crypto-derivatives-rules-exchange-trading/ (1),,Broken URL has signals but no safe replacement was inferred; map manually.
https://tokentopnews.com/believe-raises-creator-fees-solana/URL,post,404,,Critical,High,,/believe-raises-creator-fees-solana/ (1),,Broken URL has signals but no safe replacement was inferred; map manually.
https://tokentopnews.com/benzinga-set-fuel-data-markets-ltc-xrp-price-predictions/,post,404,,Critical,High,,/bitcoin-defensive-exchange-reserve-comparison/ (1),,Broken URL has signals but no safe replacement was inferred; map manually.
https://tokentopnews.com/benzinga-set-to-fuel-data-markets-but-ltc-and-xrp-price-predictions-swim-in-chaos-while-apemars-ranks-among-todays-best-altcoins-to-invest-in/,post,404,,Critical,High,,/jiang-zhuoer-shorted-eth-short-to-medium-term/ (1),,Broken URL has signals but no safe replacement was inferred; map manually.
https://tokentopnews.com/best-crypto-buy-april-polymarket-stablecoin-chainlink-polygon-apemars-presale/,post,404,,Critical,High,,/solo-miner-mined-bitcoin-block-3-128-btc-222012-odds/ (1),,Broken URL has signals but no safe replacement was inferred; map manually.
https://tokentopnews.com/best-crypto-to-buy-in-april-as-polymarket-expands-stablecoin-layer-chainlink-and-polygon-face-pressure-while-apemars-leads-presale/,post,404,,Critical,High,,/bhutan-transferred-23m-btc-holdings-down-70-percent/ (1),,Broken URL has signals but no safe replacement was inferred; map manually.
https://tokentopnews.com/bhutan-moves-23m-in-bitcoin-as-reported-holdings-drop-70/,post,404,,Critical,High,,/crypto-etf-flows-today-bitcoin-etfs-1d-netflow-2242-btc/ (1),,Broken URL has signals but no safe replacement was inferred; map manually.
https://tokentopnews.com/bhutan-moves-319-7-btc-worth-22-67m-to-two-wallets/,post,404,,Critical,High,,/binance-spot-delists-bifi-fio-fun-mdt-oxt-wan/ (1),,Broken URL has signals but no safe replacement was inferred; map manually.
https://tokentopnews.com/binance-41st-proof-of-reserves-shows-about-619000-btc/,post,404,,Critical,High,,/morgan-stanley-spot-bitcoin-etf-may-begin-trading-this-week/ (1) | /apr-7-bitcoin-etf-net-flows-ethereum-etf-update/ (1),,Broken URL has signals but no safe replacement was inferred; map manually.
https://tokentopnews.com/binance-adds-spot-pairs-april-6-2026/,post,404,,Critical,High,,/tokenomist-apt-baby-token-unlocks-next-7-days/ (1) | /mara-bitcoin-transfer-april-7-2026/ (1),,Broken URL has signals but no safe replacement was inferred; map manually.
https://tokentopnews.com/binance-adds-spot-pairs-on-april-6-2026/,post,404,,Critical,High,,/circle-mints-3-25b-usdc-on-solana-in-7-days/ (1),,Broken URL has signals but no safe replacement was inferred; map manually.
https://tokentopnews.com/binance-alpha-myx-airdrop-second-batch/N/A,post,404,,Critical,High,,/binance-alpha-myx-airdrop-second-batch/ (1),,Broken URL has signals but no safe replacement was inferred; map manually.
https://tokentopnews.com/binance-spot-delists-bifi-fio-fun-mdt-oxt-wan-traders/,post,404,,Critical,High,,/solo-miner-mined-bitcoin-block-3-128-btc-222012-odds/ (1),,Broken URL has signals but no safe replacement was inferred; map manually.
https://tokentopnews.com/binance-tradfi-perpetuals-cross-130b-in-volume-as-traders-seek-24-7-gold-and-silver-access/,post,404,,Critical,High,,/morgan-stanley-spot-bitcoin-etf-cheapest-fee/ (1),,Broken URL has signals but no safe replacement was inferred; map manually.
https://tokentopnews.com/binance-wlfi-funding-rate-falls-volatility/URL,post,404,,Critical,High,,/binance-wlfi-funding-rate-falls-volatility/ (1),,Broken URL has signals but no safe replacement was inferred; map manually.
https://tokentopnews.com/bitcoin-cash-drop-coindesk-20-index/N/A,post,404,,Critical,High,,/bitcoin-cash-drop-coindesk-20-index/ (1),,Broken URL has signals but no safe replacement was inferred; map manually.
https://tokentopnews.com/bitcoin-declared-dead-472-times-1000-is-75m-today/,post,404,,Critical,High,,/bitcoin-short-squeeze-74k-resistance-negative-funding/ (1),,Broken URL has signals but no safe replacement was inferred; map manually.
https://tokentopnews.com/bitcoin-dips-gold-bonds-rise/N/A,post,404,,Critical,High,,/bitcoin-dips-gold-bonds-rise/ (1),,Broken URL has signals but no safe replacement was inferred; map manually.
https://tokentopnews.com/bitcoin-drops-below-65000-as-190-million-liquidated-in-15-minutes/,post,404,,Critical,High,,/based-binance-alpha-listing/ (1),,Broken URL has signals but no safe replacement was inferred; map manually.
https://tokentopnews.com/bitcoin-etf-flows-today-1-day-net-outflow-reaches-170-47m/,post,404,,Critical,High,,/strategy-617-btc-strc-estimate-daily-supply/ (1) | /coinbase-occ-approval-national-trust-charter/ (1),,Broken URL has signals but no safe replacement was inferred; map manually.
https://tokentopnews.com/bitcoin-etf-flows-today-1d-net-inflow-hits-4614-btc/,post,404,,Critical,High,,/michael-saylor-strategy-estimated-bitcoin-buy-after-market-open/ (1),,Broken URL has signals but no safe replacement was inferred; map manually.
https://tokentopnews.com/bitcoin-etf-flows-today-240m-in-771m-in-7-days/,post,404,,Critical,High,,/full-validating-bitcoin-node-phone-floresta-utreexo-android/ (1),,Broken URL has signals but no safe replacement was inferred; map manually.
https://tokentopnews.com/bitcoin-etf-flows-today-73m-inflow-423m-weekly-outflow/,post,404,,Critical,High,,/amber-ceo-michael-wu-ftx-collapse-biggest-setback-of-my-life/ (1) | /bitcoin-46-percent-below-ath-cycle-bottom-history/ (1) | /core-foundation-z-protocol-first-franchise-protocol/ (1),,Broken URL has signals but no safe replacement was inferred; map manually.
https://tokentopnews.com/bitcoin-etf-inflows-rebound-market-volatility/,post,404,,Critical,High,,/chainlink-withdrawal-binance-whale-activity/ (4) | /sui-foundation-supports-cetus-hack-investigation/ (4) | /crypto-tvl-record-375-billion/ (4),,Broken URL has signals but no safe replacement was inferred; map manually.
https://tokentopnews.com/bitcoin-etf-inflows-today-163-9m-daily-752-6m-weekly-as-institutional-demand-holds/,post,404,,Critical,High,,/bitcoin-magazine-were-so-early-bitcoin-message/ (1),,Broken URL has signals but no safe replacement was inferred; map manually.
https://tokentopnews.com/bitcoin-etf-outflows-hit-2029-btc-in-one-day-as-weekly-net-flow-stays-negative-march-27-update/,post,404,,Critical,High,,/morgan-stanley-spot-bitcoin-etf-cheapest-fee/ (1),,Broken URL has signals but no safe replacement was inferred; map manually.
https://tokentopnews.com/bitcoin-etfs-post-104m-daily-outflow-as-weekly-net-inflow-holds-at-294m/,post,404,,Critical,High,,/telegram-channel-folders-join-multiple-channels-one-click/ (1),,Broken URL has signals but no safe replacement was inferred; map manually.
https://tokentopnews.com/bitcoin-ethereum-etf-demand-increases-may-2025/N/A,post,404,,Critical,High,,/bitcoin-ethereum-etf-demand-increases-may-2025/ (7),,Broken URL has signals but no safe replacement was inferred; map manually.
https://tokentopnews.com/bitcoin-ethereum-surge-institutional-interest/trump-eu-tariff-trade-dispute,post,404,,Critical,High,,/bitcoin-ethereum-surge-institutional-interest/ (1),,Broken URL has signals but no safe replacement was inferred; map manually.
https://tokentopnews.com/bitcoin-eyes-short-squeeze-btc-tests-74k-resistance/,post,404,,Critical,High,,/trader-0x3386-25x-eth-short-6700-eth-14-71m/ (1),,Broken URL has signals but no safe replacement was inferred; map manually.
https://tokentopnews.com/bitcoin-faucet-2010-5-btc-giveaway-now-worth-334k/,post,404,,Critical,High,,/charles-schwab-plans-spot-bitcoin-trading/ (1),,Broken URL has signals but no safe replacement was inferred; map manually.
https://tokentopnews.com/bitcoin-futures-open-interest-decline/Bitcoin%20Futures%20Open%20Interest%20Drops%20to%20$72.03%20Billion,post,404,,Critical,High,,/bitcoin-futures-open-interest-decline/ (1),,Broken URL has signals but no safe replacement was inferred; map manually.
https://tokentopnews.com/bitcoin-gold-price-geopolitical-tension-2026/gold-price-high-geopolitical-tension-2026,post,404,,Critical,High,,/bitcoin-gold-price-geopolitical-tension-2026/ (1),,Broken URL has signals but no safe replacement was inferred; map manually.
https://tokentopnews.com/bitcoin-is-46-below-its-ath-does-history-point-to-a-cycle-bottom/,post,404,,Critical,High,,/new-hampshire-business-finance-authority-100m-bitcoin-backed-issuance/ (1),,Broken URL has signals but no safe replacement was inferred; map manually.
https://tokentopnews.com/bitcoin-liquidation-risk-below-105k/N/A,post,404,,Critical,High,,/bitcoin-liquidation-risk-below-105k/ (1),,Broken URL has signals but no safe replacement was inferred; map manually.
https://tokentopnews.com/bitcoin-logs-first-green-month-after-five-months-of-losses/,post,404,,Critical,High,,/btc-glassnode-bitcoin-recovery-supply-in-loss/ (1) | /drift-protocol-exploiter-sol-hyperliquid-buy-eth/ (1) | /march-bitcoin-technology-update-mempool-progress-bip-360/ (1),,Broken URL has signals but no safe replacement was inferred; map manually.
https://tokentopnews.com/bitcoin-price-drop-derivatives-impact/bitcoin-price-drop-derivatives-impact,post,301,https://tokentopnews.com/bitcoin-price-drop-derivatives-impact/,High,High,,/bitcoin-price-drop-derivatives-impact/ (1),Replacement candidate: https://tokentopnews.com/bitcoin-price-drop-derivatives-impact/,Redirect to https://tokentopnews.com/bitcoin-price-drop-derivatives-impact/.
https://tokentopnews.com/bitcoin-price-drops-as-iran-us-diplomatic-tensions-escalate/,post,404,,Critical,High,,/circle-stablecoin-payouts-circle-mint-singapore/ (1),,Broken URL has signals but no safe replacement was inferred; map manually.
https://tokentopnews.com/bitcoin-price-drops-iran-us-diplomatic-tensions-escalate/,post,404,,Critical,High,,/160-million-crypto-shorts-liquidated-us-iran-ceasefire/ (1),,Broken URL has signals but no safe replacement was inferred; map manually.
https://tokentopnews.com/bitcoin-pumps-above-73700-nearing-74000/,post,404,,Critical,High,,/iran-crypto-payments-shipping-sanctions-chainalysis/ (1),,Broken URL has signals but no safe replacement was inferred; map manually.
https://tokentopnews.com/bitcoin-reclaims-69-4k-traders-realized-price-after-ceasefire-shift/,post,404,,Critical,High,,/morgan-stanley-amy-oldenburg-spot-bitcoin-etf-best-first-day-trading/ (1) | /crypto-etf-flows-today-bitcoin-etfs-1d-netflow-2242-btc/ (1) | /cz-1-billion-bet-okx-founder-divorce-claim/ (1),,Broken URL has signals but no safe replacement was inferred; map manually.
https://tokentopnews.com/bitcoin-social-sentiment-hits-april-fear-levels/,post,404,,Critical,High,,/metaplanet-100000-btc-555-million-plan-2026/ (1),,Broken URL has signals but no safe replacement was inferred; map manually.
https://tokentopnews.com/bitcoin-spot-etfs-see-471m-net-inflow-on-april-6-sosovalue-says/,post,404,,Critical,High,,/solana-foundation-security-audit-system-protocols/ (1) | /binance-41st-proof-of-reserves-report-april-1-btc-holdings/ (1),,Broken URL has signals but no safe replacement was inferred; map manually.
https://tokentopnews.com/bitcoin-urpd-850000-btc-bought-60k-70k/,post,404,,Critical,High,,/strategy-strc-proceeds-16800-btc-weekly-buying-power/ (1),,Broken URL has signals but no safe replacement was inferred; map manually.
https://tokentopnews.com/bitcoin-urpd-shows-850000-btc-bought-between-60k-and-70k/,post,404,,Critical,High,,/ai-stablecoin-adoption-expanding-crypto-use/ (1),,Broken URL has signals but no safe replacement was inferred; map manually.
https://tokentopnews.com/bitcoin-whale-40k-eth-long/N/A,post,404,,Critical,High,,/bitcoin-whale-40k-eth-long/ (2),,Broken URL has signals but no safe replacement was inferred; map manually.
https://tokentopnews.com/bitcoin-whale-buying-streak-2656-btc/,post,404,,Critical,High,,/march-2026-crypto-hacks-52m-20-incidents/ (1),,Broken URL has signals but no safe replacement was inferred; map manually.
https://tokentopnews.com/bitcoin-whales-trim-holdings-market-reaction/N/A,post,404,,Critical,High,,/bitcoin-whales-trim-holdings-market-reaction/ (1),,Broken URL has signals but no safe replacement was inferred; map manually.
https://tokentopnews.com/bithumb-trading-warnings-felaz-synthetix/N/A,post,404,,Critical,High,,/bithumb-trading-warnings-felaz-synthetix/ (2),,Broken URL has signals but no safe replacement was inferred; map manually.
https://tokentopnews.com/bitunix-affiliate-program-targets-crypto-creators-and-influencers/,post,404,,Critical,High,,/flr-flare-validator-mev-protocol-revenue/ (1) | /ethereum-staking-ratio-record-high-85b-secures-network/ (1),,Broken URL has signals but no safe replacement was inferred; map manually.
https://tokentopnews.com/blockchain-futurist-conference-returns-toronto-ninth-year/,post,404,,Critical,High,,/trust-wallet-prediction-markets-myriad-polymarket/ (1),,Broken URL has signals but no safe replacement was inferred; map manually.
https://tokentopnews.com/blockchain/,post,301,https://tokentopnews.com/blockchain-as-an-international-payment-system/,High,High,,/ripple-introduces-the-first-ever-live-on-demand-liquidity-corridor-between-japan-the-philippines/ (3) | /bnb-hack-attacker-creates-two-million-coins/ (2) | /vechain-launches-vip193-on-public-testnet-moves-closer-to-implementing-vechain-poa-2-0/ (2),Replacement candidate: https://tokentopnews.com/blockchain-as-an-international-payment-system/,Redirect to https://tokentopnews.com/blockchain-as-an-international-payment-system/.
https://tokentopnews.com/bnb-dips-support-crypto-market-weakness/url,post,404,,Critical,High,,/bnb-dips-support-crypto-market-weakness/ (4),,Broken URL has signals but no safe replacement was inferred; map manually.
https://tokentopnews.com/btc-etfs-saw-22-6m-net-weekly-inflow-in-just-4-trading-days/,post,404,,Critical,High,,/michael-saylor-says-bitcoins-four-year-cycle-is-dead/ (1),,Broken URL has signals but no safe replacement was inferred; map manually.
https://tokentopnews.com/btc-glassnode-signals-recovery-as-3-4m-btc-sit-in-loss/,post,404,,Critical,High,,/drift-protocol-exploiter-swaps-stolen-assets-into-129066-eth/ (1) | /crypto-etf-flows-today-bitcoin-etfs-1752-btc-inflow-7d-outflow/ (1),,Broken URL has signals but no safe replacement was inferred; map manually.
https://tokentopnews.com/btc-shorts-win-as-0x2fc3-closes-losing-long-and-flips-short/,post,404,,Critical,High,,/binance-spot-delists-bifi-fio-fun-mdt-oxt-wan/ (1),,Broken URL has signals but no safe replacement was inferred; map manually.
https://tokentopnews.com/btc-stress-cycle-nears-end-but-reversal-not-confirmed/,post,404,,Critical,High,,/bhutan-transferred-23m-btc-holdings-down-70-percent/ (1),,Broken URL has signals but no safe replacement was inferred; map manually.
https://tokentopnews.com/btc-stress-cycle-nears-end-reversal-not-confirmed/,post,404,,Critical,High,,/solo-miner-mined-bitcoin-block-3-128-btc-222012-odds/ (1),,Broken URL has signals but no safe replacement was inferred; map manually.
https://tokentopnews.com/btc-to-100k-why-bitcoin-could-drop-to-55k-first/,post,404,,Critical,High,,/bitcoin-first-green-month-after-five-monthly-losses/ (1) | /drift-protocol-exploiter-sol-hyperliquid-buy-eth/ (1) | /march-bitcoin-technology-update-mempool-progress-bip-360/ (1),,Broken URL has signals but no safe replacement was inferred; map manually.
https://tokentopnews.com/bullish-nyse-listing-83-percent-surge/N/A,post,404,,Critical,High,,/bullish-nyse-listing-83-percent-surge/ (1),,Broken URL has signals but no safe replacement was inferred; map manually.
https://tokentopnews.com/bybit-launches-44-new-stock-cfds-including-blackrock-bitcoin-etf-ibit/,post,404,,Critical,High,,/ethereum-climbs-2391-eth-strengthens-against-bitcoin/ (1) | /crypto-creators-influencers-non-kyc-exchange-partnership/ (1) | /upbit-canton-cc-listing-krw-btc-usdt/ (1),,Broken URL has signals but no safe replacement was inferred; map manually.
https://tokentopnews.com/cambodia-cybercrime-law-targets-scam-compounds/,post,404,,Critical,High,,/bitcoin-faucet-2010-5-btc-giveaway-worth-334k/ (1) | /zachxbt-circle-420m-compliance-failures-since-2022/ (1) | /charles-schwab-crypto-vertical-bitcoin-buying-soon/ (1),,Broken URL has signals but no safe replacement was inferred; map manually.
https://tokentopnews.com/cdn-cgi/l/email-protection,post,404,,Critical,High,,/feedback-corrections/ (2) | /blockchain-experts-reveal-the-top-10-cryptocurrencies-to-invest-in-2025-earning-8800-a-day/ (1) | /diversity-policy/ (1),,Broken URL has signals but no safe replacement was inferred; map manually.
https://tokentopnews.com/cftc-allows-bitcoin-as-margin-collateral-for-futures-commission-merchants/,post,404,,Critical,High,,/telegram-channel-folders-join-multiple-channels-one-click/ (1),,Broken URL has signals but no safe replacement was inferred; map manually.
https://tokentopnews.com/cftc-and-doj-sue-illinois-governor-in-crypto-regulation-dispute/,post,404,,Critical,High,,/strategy-617-btc-strc-estimate-daily-supply/ (1) | /bitcoin-etf-flows-today-1d-net-outflow-2554-btc/ (1),,Broken URL has signals but no safe replacement was inferred; map manually.
https://tokentopnews.com/chainalysis-says-stablecoin-economic-volume-could-reach-719t-by-2035/,post,404,,Critical,High,,/genius-featured-on-binance-alpha/ (1),,Broken URL has signals but no safe replacement was inferred; map manually.
https://tokentopnews.com/charles-schwab-bitcoin-spot-trading-plan/,post,404,,Critical,High,,/fear-greed-index-for-btc/ (1) | /bitcoin-social-sentiment-april-fear-levels/ (1) | /eric-voorhees-eth-wallet-whale-institutional-transactions/ (1),,Broken URL has signals but no safe replacement was inferred; map manually.
https://tokentopnews.com/charles-schwab-crypto-vertical-buy-bitcoin/,post,404,,Critical,High,,/bitcoin-faucet-2010-5-btc-giveaway-worth-334k/ (1),,Broken URL has signals but no safe replacement was inferred; map manually.
https://tokentopnews.com/charles-schwab-crypto-vertical-will-let-users-buy-bitcoin-soon/,post,404,,Critical,High,,/charles-schwab-plans-spot-bitcoin-trading/ (1),,Broken URL has signals but no safe replacement was inferred; map manually.
https://tokentopnews.com/circle-launches-stablecoin-payouts-circle-mint-singapore-partners/,post,404,,Critical,High,,/bitcoin-defensive-exchange-reserve-comparison/ (1),,Broken URL has signals but no safe replacement was inferred; map manually.
https://tokentopnews.com/circle-launches-stablecoin-payouts-for-circle-mint-singapore-partners/,post,404,,Critical,High,,/jiang-zhuoer-shorted-eth-short-to-medium-term/ (1),,Broken URL has signals but no safe replacement was inferred; map manually.
https://tokentopnews.com/circle-mints-3-25b-usdc-solana-7-days/,post,404,,Critical,High,,/mara-bitcoin-transfer-april-7-2026/ (1) | /strategy-14-46b-unrealized-bitcoin-loss-buys-4871-btc/ (1),,Broken URL has signals but no safe replacement was inferred; map manually.
https://tokentopnews.com/coinbase-occ-approval-targets-national-trust-charter/,post,404,,Critical,High,,/new-wallet-received-488599-hype-worth-17-18m-from-falconx/ (1),,Broken URL has signals but no safe replacement was inferred; map manually.
https://tokentopnews.com/community-driven-meme-coin-picks-floki-and-pippin-gain-buzz-while-apemars-blasts-off-as-the-best-100x-coin-secure-your-2300-roi-now/,post,404,,Critical,High,,/btc-bitcoin-pumping-above-73700-nearing-74000/ (1),,Broken URL has signals but no safe replacement was inferred; map manually.
https://tokentopnews.com/core-foundation-partners-with-z-protocol-in-first-franchise-protocol-move/,post,404,,Critical,High,,/new-hampshire-business-finance-authority-100m-bitcoin-backed-issuance/ (1) | /bitcoin-46-percent-below-ath-cycle-bottom-history/ (1),,Broken URL has signals but no safe replacement was inferred; map manually.
https://tokentopnews.com/crypto-creators-influencers-partner-with-a-top-non-kyc-exchange/,post,404,,Critical,High,,/tether-launches-self-custodial-tether-wallet-for-end-users/ (1),,Broken URL has signals but no safe replacement was inferred; map manually.
https://tokentopnews.com/crypto-etf-flows-today-bitcoin-etfs-add-1752-btc-in-1-day-7d-flow-stays-negative/,post,404,,Critical,High,,/machi-big-brother-eth-liquidation-risk-hyperliquid/ (1) | /tommy-shaughnessy-circle-usdc-drift-exploit/ (1),,Broken URL has signals but no safe replacement was inferred; map manually.
https://tokentopnews.com/crypto-etf-flows-today-bitcoin-etfs-add-1752-btc-in-1-day/,post,404,,Critical,High,,/drift-protocol-exploiter-swaps-stolen-assets-into-129066-eth/ (1),,Broken URL has signals but no safe replacement was inferred; map manually.
https://tokentopnews.com/crypto-etf-flows-today-bitcoin-etfs-see-2242-btc-1d-netflow/,post,404,,Critical,High,,/morgan-stanley-amy-oldenburg-spot-bitcoin-etf-best-first-day-trading/ (1) | /cz-1-billion-bet-okx-founder-divorce-claim/ (1),,Broken URL has signals but no safe replacement was inferred; map manually.
https://tokentopnews.com/crypto-experts-petition-trump-lawsuit/**Title:**%20Cryptocurrency%20Experts%20Petition%20Trump%20to%20Abandon%20Software%20Lawsuit,post,404,,Critical,High,,/crypto-experts-petition-trump-lawsuit/ (1),,Broken URL has signals but no safe replacement was inferred; map manually.
https://tokentopnews.com/crypto-insights/bitcoin-analysis/,post,404,,Critical,High,,/cryptocurrency-news/bitcoin/page/4/ (1) | /cryptocurrency-news/bitcoin/page/2/ (1) | /cryptocurrency-news/bitcoin/page/3/ (1),,Broken URL has signals but no safe replacement was inferred; map manually.
https://tokentopnews.com/crypto-insights/cardano-analysis/,post,404,,Critical,High,,/cryptocurrency-news/cardano/ (1),,Broken URL has signals but no safe replacement was inferred; map manually.
https://tokentopnews.com/crypto-insights/crypto-analysis/,post,404,,Critical,High,,/crypto-topics/cloud-mining/ (1) | /crypto-topics/crypto-presales/ (1) | /trends/ (1),,Broken URL has signals but no safe replacement was inferred; map manually.
https://tokentopnews.com/crypto-insights/dogecoin-analysis/,post,404,,Critical,High,,/trends/memecoins/ (1),,Broken URL has signals but no safe replacement was inferred; map manually.
https://tokentopnews.com/crypto-insights/ethereum-analysis/,post,404,,Critical,High,,/cryptocurrency-news/ethereum/ (1) | /insights/ (1) | /cryptocurrency-news/ethereum/page/2/ (1),,Broken URL has signals but no safe replacement was inferred; map manually.
https://tokentopnews.com/crypto-insights/ripple-analysis/,post,404,,Critical,High,,/cryptocurrency-news/ripple/page/5/ (1) | /cryptocurrency-news/ripple/page/6/ (1) | /cryptocurrency-news/ripple/page/3/ (1),,Broken URL has signals but no safe replacement was inferred; map manually.
https://tokentopnews.com/crypto-insights/ripple-xrp-analysis/,post,404,,Critical,High,,/insights/ (1) | /insights/page/2/ (1),,Broken URL has signals but no safe replacement was inferred; map manually.
https://tokentopnews.com/crypto-insights/solana-analysis/,post,404,,Critical,High,,/cryptocurrency-news/solana/ (1),,Broken URL has signals but no safe replacement was inferred; map manually.
https://tokentopnews.com/crypto-insights/solana-price-prediction/,post,404,,Critical,High,,/cryptocurrency-news/solana/ (1),,Broken URL has signals but no safe replacement was inferred; map manually.
https://tokentopnews.com/crypto-insights/tron-analysis/,post,404,,Critical,High,,/cryptocurrency-news/tron/ (1),,Broken URL has signals but no safe replacement was inferred; map manually.
https://tokentopnews.com/crypto-market-loses-260-billion-volatility/N/A,post,404,,Critical,High,,/crypto-market-loses-260-billion-volatility/ (1),,Broken URL has signals but no safe replacement was inferred; map manually.
https://tokentopnews.com/crypto-markets-unmoved-tariff-ruling/hassett-tariff-ruling-negotiations,post,404,,Critical,High,,/crypto-markets-unmoved-tariff-ruling/ (1),,Broken URL has signals but no safe replacement was inferred; map manually.
https://tokentopnews.com/crypto-regulation/,post,404,,Critical,High,,/category/crypto-regulation/ (1),,Broken URL has signals but no safe replacement was inferred; map manually.
https://tokentopnews.com/crypto-topics/airdrops-news/,post,404,,Critical,High,,/crypto-topics/page/2/ (1) | /crypto-topics/page/3/ (1) | /crypto-topics/page/4/ (1),,Broken URL has signals but no safe replacement was inferred; map manually.
https://tokentopnews.com/crypto-topics/defi-news/,post,404,,Critical,High,,/cryptocurrency-news/ethereum/ (1) | /cryptocurrency-news/ethereum/page/2/ (1),,Broken URL has signals but no safe replacement was inferred; map manually.
https://tokentopnews.com/cryptocurrency-markets-react-us-tariff/us-eu-tariffs-market-impact,post,404,,Critical,High,,/cryptocurrency-markets-react-us-tariff/ (1),,Broken URL has signals but no safe replacement was inferred; map manually.
https://tokentopnews.com/cz-offers-1b-bet-to-okx-founder-over-divorce-claim/,post,404,,Critical,High,,/scroll-scr-binance-first-pre-market-project-8x-million-market-cap/ (1),,Broken URL has signals but no safe replacement was inferred; map manually.
https://tokentopnews.com/cz-recalls-terra-incident-binances-3m-2018-investment/,post,404,,Critical,High,,/week-on-chain-14-2026-bitcoin-bounces-bear-market/ (1),,Broken URL has signals but no safe replacement was inferred; map manually.
https://tokentopnews.com/defi/,post,301,https://tokentopnews.com/defi-chainlink-leads-development-may-2025/,High,High,,/stellar-lumens-bridge-bounty-program-offers-huge-grants/ (1) | /ripples-rlusd-stablecoin-on-cardano/ (1) | /ledger-hack-company-will-compensate-for-damage/ (1),Replacement candidate: https://tokentopnews.com/defi-chainlink-leads-development-may-2025/,Redirect to https://tokentopnews.com/defi-chainlink-leads-development-may-2025/.
https://tokentopnews.com/deutsche-bank-crypto-custody-2026/N/A,post,404,,Critical,High,,/deutsche-bank-crypto-custody-2026/ (1),,Broken URL has signals but no safe replacement was inferred; map manually.
https://tokentopnews.com/did-strategy-buy-617-btc-via-strc-today-what-the-estimate-shows/,post,404,,Critical,High,,/coinbase-occ-approval-national-trust-charter/ (1) | /new-wallet-received-488599-hype-worth-17-18m-from-falconx/ (1),,Broken URL has signals but no safe replacement was inferred; map manually.
https://tokentopnews.com/did-you-miss-bitcoin-and-xrp-early-gains-apemars-presale-could-be-your-next-big-entry-as-stage-15-nears-final-hours-best-crypto-to-buy-today/,post,404,,Critical,High,,/bhutan-bitcoin-holdings-drop-70-percent-arkham/ (1),,Broken URL has signals but no safe replacement was inferred; map manually.
https://tokentopnews.com/did-you-miss-bitcoin-xrp-early-gains-apemars-presale-next-big-entry-stage-15/,post,404,,Critical,High,,/eth-whale-50000-eth-20x-long-111-9m/ (1),,Broken URL has signals but no safe replacement was inferred; map manually.
https://tokentopnews.com/dogecoin-and-axie-infinity-show-slow-signs-of-progress-why-apemars-is-the-best-crypto-presale-today-with-over-2363-roi/,post,404,,Critical,High,,/iran-crypto-payments-shipping-sanctions-chainalysis/ (1),,Broken URL has signals but no safe replacement was inferred; map manually.
https://tokentopnews.com/dogecoin-and-trump-delivered-big-but-is-apemars-the-next-crypto-to-hit-1-waiting-to-ignite/,post,404,,Critical,High,,/week-on-chain-14-2026-bitcoin-bounces-bear-market/ (1),,Broken URL has signals but no safe replacement was inferred; map manually.
https://tokentopnews.com/dogecoin-axie-infinity-slow-signs-progress-apemars-best-crypto-presale-2363-roi/,post,404,,Critical,High,,/chainalysis-stablecoin-economic-volume-719t-2035/ (1),,Broken URL has signals but no safe replacement was inferred; map manually.
https://tokentopnews.com/dollar-index-drop-crypto-rise-predicted/URL,post,404,,Critical,High,,/dollar-index-drop-crypto-rise-predicted/ (1),,Broken URL has signals but no safe replacement was inferred; map manually.
https://tokentopnews.com/drift-hack-tvl-halves-as-loss-estimates-reach-285m/,post,404,,Critical,High,,/bitcoin-etf-flows-today-1d-net-outflow-2554-btc/ (1),,Broken URL has signals but no safe replacement was inferred; map manually.
https://tokentopnews.com/drift-protocol-exploited-270m-assets-sent-to-hkgz4k/,post,404,,Critical,High,,/drift-protocol-exploiter-swaps-stolen-assets-into-129066-eth/ (1) | /crypto-etf-flows-today-bitcoin-etfs-1752-btc-inflow-7d-outflow/ (1) | /tommy-shaughnessy-circle-usdc-drift-exploit/ (1),,Broken URL has signals but no safe replacement was inferred; map manually.
https://tokentopnews.com/drift-protocol-exploiter-deposits-sol-into-hyperliquid-to-buy-eth/,post,404,,Critical,High,,/btc-glassnode-bitcoin-recovery-supply-in-loss/ (1) | /crypto-etf-flows-today-bitcoin-etfs-1752-btc-inflow-7d-outflow/ (1),,Broken URL has signals but no safe replacement was inferred; map manually.
https://tokentopnews.com/drift-protocol-exploiter-swaps-270m-into-129066-eth/,post,404,,Critical,High,,/machi-big-brother-eth-liquidation-risk-hyperliquid/ (1) | /drift-protocol-exploiter-buys-1195-eth-holds-130262-eth/ (1) | /tommy-shaughnessy-circle-usdc-drift-exploit/ (1),,Broken URL has signals but no safe replacement was inferred; map manually.
https://tokentopnews.com/dubai-crypto-derivatives-rules-tighten-exchange-trading/,post,404,,Critical,High,,/amber-ceo-michael-wu-ftx-collapse-biggest-setback-of-my-life/ (1) | /bitcoin-etf-flows-73m-inflow/ (1) | /token-issuance-failure-rates-record-highs-21shares-darius-moukhtar-ethcc/ (1),,Broken URL has signals but no safe replacement was inferred; map manually.
https://tokentopnews.com/el-salvador-bitcoin-reserve-increase/n/a,post,404,,Critical,High,,/el-salvador-bitcoin-reserve-increase/ (1),,Broken URL has signals but no safe replacement was inferred; map manually.
https://tokentopnews.com/eric-voorhees-eth-wallet-whale-transaction/,post,404,,Critical,High,,/bitcoin-social-sentiment-april-fear-levels/ (1),,Broken URL has signals but no safe replacement was inferred; map manually.
https://tokentopnews.com/eric-voorhees-linked-eth-wallet-sparks-whale-transaction-focus/,post,404,,Critical,High,,/metaplanet-100000-btc-555-million-plan-2026/ (1) | /btc-etfs-22-6m-net-weekly-inflow-4-trading-days/ (1),,Broken URL has signals but no safe replacement was inferred; map manually.
https://tokentopnews.com/eth-fear-greed-index-ethereum-sentiment-holds-neutral-at-45/,post,404,,Critical,High,,/binance-adds-new-spot-trading-pairs-april-6-2026/ (1) | /tokenomist-apt-baby-token-unlocks-next-7-days/ (1),,Broken URL has signals but no safe replacement was inferred; map manually.
https://tokentopnews.com/eth-whale-111-9m-20x-long-nears-key-liquidation-zone/,post,404,,Critical,High,,/bhutan-bitcoin-holdings-drop-70-percent-arkham/ (1),,Broken URL has signals but no safe replacement was inferred; map manually.
https://tokentopnews.com/ethereum-climbs-to-2391-as-eth-strengthens-against-bitcoin/,post,404,,Critical,High,,/tether-launches-self-custodial-tether-wallet-for-end-users/ (1) | /crypto-creators-influencers-non-kyc-exchange-partnership/ (1),,Broken URL has signals but no safe replacement was inferred; map manually.
https://tokentopnews.com/ethereum-etf-inflows-altcoin-rally-potential/N/A,post,404,,Critical,High,,/ethereum-etf-inflows-altcoin-rally-potential/ (1),,Broken URL has signals but no safe replacement was inferred; map manually.
https://tokentopnews.com/ethereum-network-activity-hits-ath-as-bullish-divergence-builds/,post,404,,Critical,High,,/flr-flare-validator-mev-protocol-revenue/ (1),,Broken URL has signals but no safe replacement was inferred; map manually.
https://tokentopnews.com/ethereum-network-activity-hits-ath-bullish-divergence/,post,404,,Critical,High,,/bitcoin-etf-flows-today-1d-netflow-4614-btc/ (1),,Broken URL has signals but no safe replacement was inferred; map manually.
https://tokentopnews.com/ethereum-pos-validator-queue-shift/N/A,post,404,,Critical,High,,/ethereum-pos-validator-queue-shift/ (1),,Broken URL has signals but no safe replacement was inferred; map manually.
https://tokentopnews.com/ethereum-staking-ratio-hits-record-85b-secured/,post,404,,Critical,High,,/bitcoin-etf-flows-today-1d-netflow-4614-btc/ (1),,Broken URL has signals but no safe replacement was inferred; map manually.
https://tokentopnews.com/ethereum-staking-ratio-hits-record-with-85b-secured/,post,404,,Critical,High,,/flr-flare-validator-mev-protocol-revenue/ (1),,Broken URL has signals but no safe replacement was inferred; map manually.
https://tokentopnews.com/ethereum-treasury-strategy-11billion-value/N/A,post,404,,Critical,High,,/ethereum-treasury-strategy-11billion-value/ (3),,Broken URL has signals but no safe replacement was inferred; map manually.
https://tokentopnews.com/eu-us-tariff-negotiations-industrial-agricultural/N/A,post,404,,Critical,High,,/eu-us-tariff-negotiations-industrial-agricultural/ (2),,Broken URL has signals but no safe replacement was inferred; map manually.
https://tokentopnews.com/ex-sec-gensler-hidden-crypto-stance/URL,post,404,,Critical,High,,/ex-sec-gensler-hidden-crypto-stance/ (1),,Broken URL has signals but no safe replacement was inferred; map manually.
https://tokentopnews.com/fear-greed-index-btc-bitcoin-sentiment/,post,404,,Critical,High,,/bitcoin-social-sentiment-april-fear-levels/ (2) | /eric-voorhees-eth-wallet-whale-institutional-transactions/ (1),,Broken URL has signals but no safe replacement was inferred; map manually.
https://tokentopnews.com/fear-greed-index-btc-how-bitcoin-sentiment-works/,post,404,,Critical,High,,/btc-etfs-22-6m-net-weekly-inflow-4-trading-days/ (1),,Broken URL has signals but no safe replacement was inferred; map manually.
https://tokentopnews.com/fed-barr-private-money-stablecoin-safeguards/,post,404,,Critical,High,,/march-2026-crypto-hacks-52m-20-incidents/ (1),,Broken URL has signals but no safe replacement was inferred; map manually.
https://tokentopnews.com/finance-cryptocurrency/,post,301,https://tokentopnews.com/macro/,High,High,,/cryptocurrency-news/page/171/ (4) | /tag/bitcoin-etp/ (1) | /tag/cryptocurrencies/ (1),Replacement candidate: https://tokentopnews.com/macro/,Redirect to https://tokentopnews.com/macro/.
https://tokentopnews.com/first-ever-bitcoin-rubiks-cube-officially-launches-what-to-know/,post,404,,Critical,High,,/btc-shorts-win-0x2fc3-closes-losing-long-flips-short/ (1),,Broken URL has signals but no safe replacement was inferred; map manually.
https://tokentopnews.com/flr-flare-turns-validator-mev-into-protocol-revenue/,post,404,,Critical,High,,/bitcoin-etf-flows-today-1d-netflow-4614-btc/ (1) | /michael-saylor-strategy-estimated-bitcoin-buy-after-market-open/ (1),,Broken URL has signals but no safe replacement was inferred; map manually.
https://tokentopnews.com/gmx-hacker-returns-fran-protocol/No%20URL%20provided,post,404,,Critical,High,,/gmx-hacker-returns-fran-protocol/ (1),,Broken URL has signals but no safe replacement was inferred; map manually.
https://tokentopnews.com/gold-price-drop-crypto-impact/N/A,post,404,,Critical,High,,/gold-price-drop-crypto-impact/ (1),,Broken URL has signals but no safe replacement was inferred; map manually.
https://tokentopnews.com/goldman-sachs-fed-rate-cut-2025/N/A,post,404,,Critical,High,,/goldman-sachs-fed-rate-cut-2025/ (1),,Broken URL has signals but no safe replacement was inferred; map manually.
https://tokentopnews.com/h100-group-expands-bitcoin-operations-switzerland/N/A,post,404,,Critical,High,,/h100-group-expands-bitcoin-operations-switzerland/ (1),,Broken URL has signals but no safe replacement was inferred; map manually.
https://tokentopnews.com/hal-finneys-10-million-bitcoin-prediction-explained/,post,404,,Critical,High,,/ethereum-climbs-2391-eth-strengthens-against-bitcoin/ (1) | /upbit-canton-cc-listing-krw-btc-usdt/ (1) | /bybit-launches-44-new-stock-cfds-blackrock-bitcoin-etf-ibit/ (1),,Broken URL has signals but no safe replacement was inferred; map manually.
https://tokentopnews.com/how-to-buy-meme-coin-apemars-best-meme-coin-2026/,post,404,,Critical,High,,/trader-0x3386-25x-eth-short-6700-eth-14-71m/ (1),,Broken URL has signals but no safe replacement was inferred; map manually.
https://tokentopnews.com/hyperion-defi-hype-token-surge/N/A,post,404,,Critical,High,,/hyperion-defi-hype-token-surge/ (1),,Broken URL has signals but no safe replacement was inferred; map manually.
https://tokentopnews.com/iran-crypto-payments-breach-shipping-sanctions-chainalysis/,post,404,,Critical,High,,/chainalysis-stablecoin-economic-volume-719t-2035/ (1),,Broken URL has signals but no safe replacement was inferred; map manually.
https://tokentopnews.com/iran-crypto-payments-could-breach-shipping-sanctions-chainalysis/,post,404,,Critical,High,,/genius-featured-on-binance-alpha/ (1),,Broken URL has signals but no safe replacement was inferred; map manually.
https://tokentopnews.com/is-apemars-the-best-100x-crypto-presale-to-explode-with-2600-while-hyperliquid-gains-6-and-tron-faces-13-pullback/,post,404,,Critical,High,,/first-ever-bitcoin-rubiks-cube-official-launch/ (1),,Broken URL has signals but no safe replacement was inferred; map manually.
https://tokentopnews.com/is-apemars-the-best-crypto-presale-to-buy-among-the-10-top-meme-coins-371k-raised-22-9b-tokens-sold-and-1577-holders-a-clear-winner/,post,404,,Critical,High,,/scroll-scr-binance-first-pre-market-project-8x-million-market-cap/ (1),,Broken URL has signals but no safe replacement was inferred; map manually.
https://tokentopnews.com/is-apemars-the-best-crypto-to-buy-today/,post,404,,Critical,High,,/bybit-launches-44-new-stock-cfds-blackrock-bitcoin-etf-ibit/ (1),,Broken URL has signals but no safe replacement was inferred; map manually.
https://tokentopnews.com/james-fickel-eth-transfer-coinbase/URL,post,404,,Critical,High,,/james-fickel-eth-transfer-coinbase/ (1),,Broken URL has signals but no safe replacement was inferred; map manually.
https://tokentopnews.com/james-wynn-46m-bitcoin-long-hyperliquid/URL,post,404,,Critical,High,,/james-wynn-46m-bitcoin-long-hyperliquid/ (1),,Broken URL has signals but no safe replacement was inferred; map manually.
https://tokentopnews.com/james-wynn-high-leverage-bitcoin-bet/N/A,post,404,,Critical,High,,/james-wynn-high-leverage-bitcoin-bet/ (1),,Broken URL has signals but no safe replacement was inferred; map manually.
https://tokentopnews.com/kevin-warsh-fed-chair-hearing-set-for-april-16-amid-probe/,post,404,,Critical,High,,/michael-saylor-says-bitcoins-four-year-cycle-is-dead/ (1),,Broken URL has signals but no safe replacement was inferred; map manually.
https://tokentopnews.com/learn-crypto/how-to-claim-airdrops/,post,404,,Critical,High,,/trends/ (1),,Broken URL has signals but no safe replacement was inferred; map manually.
https://tokentopnews.com/learn-crypto/how-to-use-digital-wallets/,post,404,,Critical,High,,/macro/crypto-macro/ (1),,Broken URL has signals but no safe replacement was inferred; map manually.
https://tokentopnews.com/learn-crypto/kols/,post,404,,Critical,High,,/learn-crypto/ (1),,Broken URL has signals but no safe replacement was inferred; map manually.
https://tokentopnews.com/learn-crypto/safety-tips/,post,404,,Critical,High,,/macro/regulation/page/2/ (1) | /learn-crypto/ (1) | /macro/regulation/ (1),,Broken URL has signals but no safe replacement was inferred; map manually.
https://tokentopnews.com/learn-crypto/trading-guide/,post,404,,Critical,High,,/cryptocurrency-news/bitcoin/page/4/ (1) | /cryptocurrency-news/bitcoin/page/2/ (1) | /cryptocurrency-news/bitcoin/page/3/ (1),,Broken URL has signals but no safe replacement was inferred; map manually.
https://tokentopnews.com/learn-how-to-trade-and-spot-the-best-crypto-to-watch-tron-integrates-wbtc-ethereum-advances-apemars-presale-could-turn-2k-into-103k/,post,404,,Critical,High,,/bitcoin-etf-flows-today-1d-net-outflow-2554-btc/ (1),,Broken URL has signals but no safe replacement was inferred; map manually.
https://tokentopnews.com/learn-how-to-trade-and-spot-the-best-crypto-to-watch/,post,404,,Critical,High,,/strategy-617-btc-strc-estimate-daily-supply/ (1),,Broken URL has signals but no safe replacement was inferred; map manually.
https://tokentopnews.com/lido-v3-whitepaper-community-feedback/image-url-path,post,404,,Critical,High,,/lido-v3-whitepaper-community-feedback/ (1),,Broken URL has signals but no safe replacement was inferred; map manually.
https://tokentopnews.com/liquidity-wars-begin-how-to-trade-smart-as-central-banks-eye-ethereum-while-apemars-stage-15-surges-as-the-best-crypto-to-buy-in-april/,post,404,,Critical,High,,/160-million-crypto-shorts-liquidated-us-iran-ceasefire/ (1) | /circle-stablecoin-payouts-circle-mint-singapore/ (1),,Broken URL has signals but no safe replacement was inferred; map manually.
https://tokentopnews.com/machi-big-brother-liquidation-timeline-eth-risk-on-hyperliquid/,post,404,,Critical,High,,/drift-protocol-exploiter-buys-1195-eth-holds-130262-eth/ (1) | /drift-hack-tvl-halves-loss-estimates-285m/ (1) | /safe-safenet-launch-what-was-announced-and-what-changed/ (1),,Broken URL has signals but no safe replacement was inferred; map manually.
https://tokentopnews.com/mantles-aave-lending-market-tops-1-35b-ranks-3-globally-in-just-over-a-month/,post,404,,Critical,High,,/telegram-channel-folders-join-multiple-channels-one-click/ (1),,Broken URL has signals but no safe replacement was inferred; map manually.
https://tokentopnews.com/mara-linked-bitcoin-transfer-247-5-btc-april-7-2026/,post,404,,Critical,High,,/strategy-14-46b-unrealized-bitcoin-loss-buys-4871-btc/ (1),,Broken URL has signals but no safe replacement was inferred; map manually.
https://tokentopnews.com/mara-linked-bitcoin-transfer-shows-247-5-btc-moved-on-april-7-2026/,post,404,,Critical,High,,/solana-foundation-security-audit-system-protocols/ (1),,Broken URL has signals but no safe replacement was inferred; map manually.
https://tokentopnews.com/march-2026-crypto-hacks-hit-52m-across-20-incidents-peckshield/,post,404,,Critical,High,,/bitcoin-first-green-month-after-five-monthly-losses/ (1) | /march-bitcoin-technology-update-mempool-progress-bip-360/ (1) | /btc-100k-why-bitcoin-could-drop-to-55k-first/ (1),,Broken URL has signals but no safe replacement was inferred; map manually.
https://tokentopnews.com/march-bitcoin-technology-update-mempool-progress-and-bip-360/,post,404,,Critical,High,,/btc-glassnode-bitcoin-recovery-supply-in-loss/ (1) | /drift-protocol-exploiter-sol-hyperliquid-buy-eth/ (1),,Broken URL has signals but no safe replacement was inferred; map manually.
https://tokentopnews.com/matrixport-linked-whales-btc-eth-longs-grow/,post,404,,Critical,High,,/bitcoin-magazine-were-so-early-bitcoin-message/ (1),,Broken URL has signals but no safe replacement was inferred; map manually.
https://tokentopnews.com/metaplanet-plans-100000-btc-treasury-by-end-of-2026/,post,404,,Critical,High,,/michael-saylor-says-bitcoins-four-year-cycle-is-dead/ (1),,Broken URL has signals but no safe replacement was inferred; map manually.
https://tokentopnews.com/michael-saylor-hints-at-buying-more-bitcoin-with-think-bigger/,post,404,,Critical,High,,/bitcoin-short-squeeze-74k-resistance-negative-funding/ (1),,Broken URL has signals but no safe replacement was inferred; map manually.
https://tokentopnews.com/michael-saylor-strategy-buy-estimate-bitcoin-buzz/,post,404,,Critical,High,,/polymarket-protocol-upgrade-pusd-official-documentation/ (1),,Broken URL has signals but no safe replacement was inferred; map manually.
https://tokentopnews.com/missed-tron-and-avalanche-gains-apemars-stage-15-offers-the-next-100x-crypto-opportunity-and-best-crypto-presale-rewards/,post,404,,Critical,High,,/binance-adds-new-spot-trading-pairs-april-6-2026/ (1) | /tokenomist-apt-baby-token-unlocks-next-7-days/ (1) | /circle-mints-3-25b-usdc-on-solana-in-7-days/ (1),,Broken URL has signals but no safe replacement was inferred; map manually.
https://tokentopnews.com/monero-blockchain-reorg-impact-118-transactions/source,post,404,,Critical,High,,/monero-blockchain-reorg-impact-118-transactions/ (1),,Broken URL has signals but no safe replacement was inferred; map manually.
https://tokentopnews.com/morgan-stanley-launches-spot-bitcoin-etf-key-impact/,post,404,,Critical,High,,/week-on-chain-14-2026-bitcoin-bounces-bear-market/ (1) | /first-ever-bitcoin-rubiks-cube-official-launch/ (1),,Broken URL has signals but no safe replacement was inferred; map manually.
https://tokentopnews.com/morgan-stanley-spot-bitcoin-etf-may-start-trading-this-week-bloomberg/,post,404,,Critical,High,,/apr-7-bitcoin-etf-net-flows-ethereum-etf-update/ (1),,Broken URL has signals but no safe replacement was inferred; map manually.
https://tokentopnews.com/new-wallet-488599-hype-falconx/,post,404,,Critical,High,,/ethereum-foundation-staking-22517-eth-not-45034/ (2),,Broken URL has signals but no safe replacement was inferred; map manually.
https://tokentopnews.com/new-wallet-gets-488599-hype-worth-17-18m-from-falconx/,post,404,,Critical,High,,/zachxbt-circle-420m-compliance-failures-since-2022/ (1),,Broken URL has signals but no safe replacement was inferred; map manually.
https://tokentopnews.com/polymarket-protocol-upgrade-pusd-official-docs-signal/,post,404,,Critical,High,,/bhutan-bitcoin-holdings-drop-70-percent-arkham/ (1) | /eth-whale-50000-eth-20x-long-111-9m/ (1),,Broken URL has signals but no safe replacement was inferred; map manually.
https://tokentopnews.com/port3-liquidity-removal-exchange-actions/N/A,post,404,,Critical,High,,/port3-liquidity-removal-exchange-actions/ (6),,Broken URL has signals but no safe replacement was inferred; map manually.
"https://tokentopnews.com/pump-fun-token-sale-excludes-regions/Pump.fun%20Public%20Sale%20Excludes%20US,%20UK,%20EU%20Participants",post,403,,Critical,High,,/pump-fun-token-sale-excludes-regions/ (1),,Manual review required.
https://tokentopnews.com/qcp-capital-oil-above-100-threatens-bitcoin-after-74k-rejection/,post,404,,Critical,High,,/full-validating-bitcoin-node-phone-floresta-utreexo-android/ (1) | /bitcoin-etf-flows-today-240m-daily-inflow-771m-weekly/ (1),,Broken URL has signals but no safe replacement was inferred; map manually.
https://tokentopnews.com/rialo-club-launch-misinformation/url,post,404,,Critical,High,,/rialo-club-launch-misinformation/ (6),,Broken URL has signals but no safe replacement was inferred; map manually.
https://tokentopnews.com/robo-added-to-binance-hodler-airdrops-key-details-for-crypto-holders/,post,404,,Critical,High,,/feds-barr-warns-private-money-needs-stablecoin-safeguards/ (1),,Broken URL has signals but no safe replacement was inferred; map manually.
https://tokentopnews.com/robo-binance-hodler-airdrops-details/,post,404,,Critical,High,,/march-2026-crypto-hacks-52m-20-incidents/ (1),,Broken URL has signals but no safe replacement was inferred; map manually.
https://tokentopnews.com/safe-safenet-launch-explained-what-actually-changed/,post,404,,Critical,High,,/drift-hack-tvl-halves-loss-estimates-285m/ (1),,Broken URL has signals but no safe replacement was inferred; map manually.
https://tokentopnews.com/safe-safenet-launch-explained/,post,404,,Critical,High,,/cftc-doj-lawsuit-illinois-governor-crypto-regulation/ (1),,Broken URL has signals but no safe replacement was inferred; map manually.
https://tokentopnews.com/sam-bankman-fried-prison-term-reduction/URL,post,404,,Critical,High,,/sam-bankman-fried-prison-term-reduction/ (7),,Broken URL has signals but no safe replacement was inferred; map manually.
https://tokentopnews.com/scroll-scr-pre-market-on-binance-is-an-8xm-cap-too-low/,post,404,,Critical,High,,/ethereum-staking-ratio-record-high-85b-secures-network/ (1),,Broken URL has signals but no safe replacement was inferred; map manually.
https://tokentopnews.com/sec-defi-ui-guidance-stops-short-of-broker-dealer-exemption/,post,404,,Critical,High,,/full-validating-bitcoin-node-phone-floresta-utreexo-android/ (1) | /bitcoin-etf-flows-today-240m-daily-inflow-771m-weekly/ (1),,Broken URL has signals but no safe replacement was inferred; map manually.
https://tokentopnews.com/secure-100-bonus-in-apemars-stage-15-with-easter100-code-top-meme-coin-presale-while-floki-consolidates-and-pax-gold-shows-investor-interest/,post,404,,Critical,High,,/morgan-stanley-amy-oldenburg-spot-bitcoin-etf-best-first-day-trading/ (1) | /crypto-etf-flows-today-bitcoin-etfs-1d-netflow-2242-btc/ (1),,Broken URL has signals but no safe replacement was inferred; map manually.
https://tokentopnews.com/sharplink-acquires-475-million-ethereum/N/A,post,404,,Critical,High,,/sharplink-acquires-475-million-ethereum/ (2),,Broken URL has signals but no safe replacement was inferred; map manually.
https://tokentopnews.com/sharplink-gaming-ethereum-market-reaction/N/A,post,404,,Critical,High,,/sharplink-gaming-ethereum-market-reaction/ (1),,Broken URL has signals but no safe replacement was inferred; map manually.
https://tokentopnews.com/singapore-dtsp-act-market-exodus/URL,post,404,,Critical,High,,/singapore-dtsp-act-market-exodus/ (1),,Broken URL has signals but no safe replacement was inferred; map manually.
https://tokentopnews.com/sol-and-btc-price-predictions-go-uncertain-amid-market-turmoil-yet-apemars-raised-371k-one-of-the-best-altcoins-to-invest-in-2026/,post,404,,Critical,High,,/binance-spot-delists-bifi-fio-fun-mdt-oxt-wan/ (1),,Broken URL has signals but no safe replacement was inferred; map manually.
https://tokentopnews.com/sol-news-today-solana-struggles-at-50-day-ma-resistance-litecoin-loses-momentum-while-apemars-sells-23b-tokens-in-stage-15-as-the-next-100x-coin/,post,404,,Critical,High,,/michael-saylor-strategy-estimated-bitcoin-buy-after-market-open/ (1),,Broken URL has signals but no safe replacement was inferred; map manually.
https://tokentopnews.com/solana-foundation-announces-new-security-audit-system-for-protocols/,post,404,,Critical,High,,/morgan-stanley-spot-bitcoin-etf-may-begin-trading-this-week/ (1) | /apr-7-bitcoin-etf-net-flows-ethereum-etf-update/ (1) | /binance-41st-proof-of-reserves-report-april-1-btc-holdings/ (1),,Broken URL has signals but no safe replacement was inferred; map manually.
https://tokentopnews.com/solana-whale-binance-withdrawal-staking/N/A,post,404,,Critical,High,,/solana-whale-binance-withdrawal-staking/ (1),,Broken URL has signals but no safe replacement was inferred; map manually.
https://tokentopnews.com/solo-miner-hits-bitcoin-block-reward-of-3-128-btc-worth-222012/,post,404,,Critical,High,,/bhutan-transferred-23m-btc-holdings-down-70-percent/ (1),,Broken URL has signals but no safe replacement was inferred; map manually.
"https://tokentopnews.com/spk-token-surges-market-cap-stabilizes/SPK%20Token%20Surges%2023%,%20Market%20Cap%20Hits%20$82%20Million",post,403,,Critical,High,,/spk-token-surges-market-cap-stabilizes/ (1),,Manual review required.
https://tokentopnews.com/spot-bitcoin-etfs-shed-296m-in-a-week-as-ethereum-etfs-extend-outflow-streak/,post,404,,Critical,High,,/based-binance-alpha-listing/ (1),,Broken URL has signals but no safe replacement was inferred; map manually.
https://tokentopnews.com/spot-bitcoin-etfs-shed-296m-week-ethereum-etfs-extend-outflow-streak/,post,404,,Critical,High,,/trust-wallet-prediction-markets-myriad-polymarket/ (1),,Broken URL has signals but no safe replacement was inferred; map manually.
https://tokentopnews.com/strategy-buys-4871-btc-bitcoin-holdings-reach-766970/,post,404,,Critical,High,,/eth-whale-50000-eth-20x-long-111-9m/ (1),,Broken URL has signals but no safe replacement was inferred; map manually.
https://tokentopnews.com/strategy-buys-bitcoin-holdings-reach-766970/,post,404,,Critical,High,,/polymarket-protocol-upgrade-pusd-official-documentation/ (1),,Broken URL has signals but no safe replacement was inferred; map manually.
https://tokentopnews.com/strategy-reports-14-46b-bitcoin-loss-buys-4871-more-btc/,post,404,,Critical,High,,/morgan-stanley-spot-bitcoin-etf-may-begin-trading-this-week/ (1) | /solana-foundation-security-audit-system-protocols/ (1) | /binance-41st-proof-of-reserves-report-april-1-btc-holdings/ (1),,Broken URL has signals but no safe replacement was inferred; map manually.
https://tokentopnews.com/strategy-strc-7000-btc-extreme-fear/,post,404,,Critical,High,,/bitcoin-spot-etfs-471m-net-inflow-april-6-sosovalue/ (1),,Broken URL has signals but no safe replacement was inferred; map manually.
https://tokentopnews.com/strategy-strc-proceeds-could-buy-16800-btc-in-a-week/,post,404,,Critical,High,,/ai-stablecoin-adoption-expanding-crypto-use/ (1) | /btc-bitcoin-pumping-above-73700-nearing-74000/ (1),,Broken URL has signals but no safe replacement was inferred; map manually.
https://tokentopnews.com/strive-asset-management-bitcoin-treasury-merger/bitcoin-graph.jpg,post,404,,Critical,High,,/strive-asset-management-bitcoin-treasury-merger/ (1),,Broken URL has signals but no safe replacement was inferred; map manually.
https://tokentopnews.com/sui-robinhood-listing-accident/link-to-source,post,404,,Critical,High,,/sui-robinhood-listing-accident/ (1),,Broken URL has signals but no safe replacement was inferred; map manually.
https://tokentopnews.com/the-week-on-chain-14-2026-bitcoin-rebounds-to-72k-in-a-bearish-setup/,post,404,,Critical,High,,/first-ever-bitcoin-rubiks-cube-official-launch/ (1),,Broken URL has signals but no safe replacement was inferred; map manually.
https://tokentopnews.com/token-issuance-failure-rates-hit-record-highs-21shares-researcher-says/,post,404,,Critical,High,,/amber-ceo-michael-wu-ftx-collapse-biggest-setback-of-my-life/ (1) | /bitcoin-etf-flows-73m-inflow/ (1),,Broken URL has signals but no safe replacement was inferred; map manually.
https://tokentopnews.com/tokenomist-apt-baby-lead-5m-token-unlocks-in-next-7-days/,post,404,,Critical,High,,/bitcoin-spot-etfs-471m-net-inflow-april-6-sosovalue/ (1) | /circle-mints-3-25b-usdc-on-solana-in-7-days/ (1),,Broken URL has signals but no safe replacement was inferred; map manually.
https://tokentopnews.com/tokenomist-apt-baby-lead-5m-token-unlocks-next-7-days/,post,404,,Critical,High,,/mara-bitcoin-transfer-april-7-2026/ (1),,Broken URL has signals but no safe replacement was inferred; map manually.
https://tokentopnews.com/tommy-shaughnessy-criticizes-circle-over-usdc-freeze-in-drift-exploit/,post,404,,Critical,High,,/machi-big-brother-eth-liquidation-risk-hyperliquid/ (1) | /drift-protocol-exploiter-buys-1195-eth-holds-130262-eth/ (1) | /safe-safenet-launch-what-was-announced-and-what-changed/ (1),,Broken URL has signals but no safe replacement was inferred; map manually.
https://tokentopnews.com/top-5-crypto-news-for-the-last-24-hours-blockstream-markets-and-more/,post,404,,Critical,High,,/charles-schwab-plans-spot-bitcoin-trading/ (1),,Broken URL has signals but no safe replacement was inferred; map manually.
https://tokentopnews.com/top-5-crypto-news-for-the-last-24-hours-mstr-buys-7300-btc/,post,404,,Critical,High,,/iran-crypto-payments-shipping-sanctions-chainalysis/ (1),,Broken URL has signals but no safe replacement was inferred; map manually.
https://tokentopnews.com/top-5-crypto-news-in-24-hours-dot-bridge-exploit-leads-roundup/,post,404,,Critical,High,,/upbit-canton-cc-listing-krw-btc-usdt/ (1) | /bybit-launches-44-new-stock-cfds-blackrock-bitcoin-etf-ibit/ (1),,Broken URL has signals but no safe replacement was inferred; map manually.
https://tokentopnews.com/top-5-crypto-news-in-24-hours-metaplanets-100000-btc-goal-and-circle-mint-update/,post,404,,Critical,High,,/binance-adds-new-spot-trading-pairs-april-6-2026/ (1) | /eth-fear-and-greed-index-neutral-45/ (1),,Broken URL has signals but no safe replacement was inferred; map manually.
https://tokentopnews.com/top-5-crypto-news-last-24-hours-mstr-buys-7300-btc/,post,404,,Critical,High,,/chainalysis-stablecoin-economic-volume-719t-2035/ (1),,Broken URL has signals but no safe replacement was inferred; map manually.
https://tokentopnews.com/top-projects/,post,404,,Critical,High,,/5-best-crypto-mining-apps-in-2025-mine-bitcoin-safely-with-free-and-paid-options/ (2),,Broken URL has signals but no safe replacement was inferred; map manually.
https://tokentopnews.com/tron-expands-defi-cardano-strengthens-staking-while-apemars-stage-16-targets-2300-roi-is-it-the-best-crypto-presale/,post,404,,Critical,High,,/bitcoin-short-squeeze-74k-resistance-negative-funding/ (1),,Broken URL has signals but no safe replacement was inferred; map manually.
https://tokentopnews.com/trump-emotions-us-russia-relations-unverified/trump-us-russia-relations-unverified-claim,post,404,,Critical,High,,/trump-emotions-us-russia-relations-unverified/ (1),,Broken URL has signals but no safe replacement was inferred; map manually.
https://tokentopnews.com/trump-federal-reserve-chair-bitcoin-downturn/URL,post,404,,Critical,High,,/trump-federal-reserve-chair-bitcoin-downturn/ (4),,Broken URL has signals but no safe replacement was inferred; map manually.
https://tokentopnews.com/trump-semiconductor-tariff-increase/N/A,post,404,,Critical,High,,/trump-semiconductor-tariff-increase/ (1),,Broken URL has signals but no safe replacement was inferred; map manually.
https://tokentopnews.com/trump-strait-of-hormuz-blockade-order-hits-crypto-market-sentiment/,post,404,,Critical,High,,/trader-0x3386-25x-eth-short-6700-eth-14-71m/ (1),,Broken URL has signals but no safe replacement was inferred; map manually.
https://tokentopnews.com/trump-tariff-letter-eu-announcement/URL,post,404,,Critical,High,,/trump-tariff-letter-eu-announcement/ (1),,Broken URL has signals but no safe replacement was inferred; map manually.
https://tokentopnews.com/trump-team-transfer-tokens-binance/N/A,post,404,,Critical,High,,/trump-team-transfer-tokens-binance/ (1),,Broken URL has signals but no safe replacement was inferred; map manually.
https://tokentopnews.com/trust-wallet-prediction-markets-go-live-with-myriad/,post,404,,Critical,High,,/bitcoin-etf-flows-73m-inflow/ (1) | /token-issuance-failure-rates-record-highs-21shares-darius-moukhtar-ethcc/ (1) | /dubai-crypto-derivatives-rules-exchange-trading/ (1),,Broken URL has signals but no safe replacement was inferred; map manually.
https://tokentopnews.com/u-s-federal-housing-director-says-bitcoin-is-making-homes-more-affordable/,post,404,,Critical,High,,/morgan-stanley-spot-bitcoin-etf-cheapest-fee/ (1),,Broken URL has signals but no safe replacement was inferred; map manually.
https://tokentopnews.com/upbit-to-list-canton-cc-on-krw-btc-and-usdt-markets/,post,404,,Critical,High,,/tether-launches-self-custodial-tether-wallet-for-end-users/ (1) | /ethereum-climbs-2391-eth-strengthens-against-bitcoin/ (1) | /crypto-creators-influencers-non-kyc-exchange-partnership/ (1),,Broken URL has signals but no safe replacement was inferred; map manually.
https://tokentopnews.com/us-stock-indexes-crypto-stocks-rebound/url_placeholder,post,404,,Critical,High,,/us-stock-indexes-crypto-stocks-rebound/ (2),,Broken URL has signals but no safe replacement was inferred; map manually.
https://tokentopnews.com/us-treasury-tariff-increase-warning/N/A,post,404,,Critical,High,,/us-treasury-tariff-increase-warning/ (1),,Broken URL has signals but no safe replacement was inferred; map manually.
https://tokentopnews.com/usd0-phishing-loss-claims-market-impact/N/A,post,404,,Critical,High,,/usd0-phishing-loss-claims-market-impact/ (4),,Broken URL has signals but no safe replacement was inferred; map manually.
https://tokentopnews.com/vanguards-bitcoin-u-turn-from-never-on-etfs-to-bitcoin-trading-in-2025/,post,404,,Critical,High,,/eth-fear-and-greed-index-neutral-45/ (1),,Broken URL has signals but no safe replacement was inferred; map manually.
https://tokentopnews.com/whale-increases-hype-usdc-deposit/N/A,post,404,,Critical,High,,/whale-increases-hype-usdc-deposit/ (1),,Broken URL has signals but no safe replacement was inferred; map manually.
https://tokentopnews.com/whale-sells-8000-eth-profits-millions/source%20URL,post,404,,Critical,High,,/whale-sells-8000-eth-profits-millions/ (1),,Broken URL has signals but no safe replacement was inferred; map manually.
https://tokentopnews.com/why-bitcoin-still-looks-defensive-exchange-reserve-comparison/,post,404,,Critical,High,,/jiang-zhuoer-shorted-eth-short-to-medium-term/ (1),,Broken URL has signals but no safe replacement was inferred; map manually.
https://tokentopnews.com/willy-woo-on-chain-models-put-bitcoin-bottom-range-at-46k-54k/,post,404,,Critical,High,,/based-binance-alpha-listing/ (1),,Broken URL has signals but no safe replacement was inferred; map manually.
https://tokentopnews.com/wp-content/uploads/2021/12/polygon-matic-feature-950x500-1.jpg,post,522,,Critical,High,,/post-sitemap.xml (2) | /unannounced-hard-fork-on-polygon-what-happened/ (1),Non-indexable URL appears in sitemap export,Broken URL has signals but no safe replacement was inferred; map manually.
https://tokentopnews.com/wp-content/uploads/2025/05/oncade-4m-seed-funding-a16z.png,post,522,,Critical,High,,/oncade-4m-funding-a16z-gaming/ (2) | /post-sitemap3.xml (2) | /cryptocurrency-news/page/133/ (1),Non-indexable URL appears in sitemap export,Broken URL has signals but no safe replacement was inferred; map manually.
https://tokentopnews.com/wp-content/uploads/2025/05/standard-chartered-bitcoin-2028-prediction.png,post,522,,Critical,High,,/standard-chartered-bitcoin-500k-2028-prediction/ (2) | /post-sitemap3.xml (2) | /cryptocurrency-news/page/140/ (1),Non-indexable URL appears in sitemap export,Broken URL has signals but no safe replacement was inferred; map manually.
https://tokentopnews.com/wp-content/uploads/2025/06/bitcoin-open-interest-decline.png,post,522,,Critical,High,,/bitcoin-open-interest-drops-below-72-billion/ (2) | /post-sitemap3.xml (2) | /cryptocurrency-news/page/128/ (1),Non-indexable URL appears in sitemap export,Broken URL has signals but no safe replacement was inferred; map manually.
https://tokentopnews.com/wp-content/uploads/2025/07/bitcoin-market-resistance-levels.png,post,522,,Critical,High,,/bitcoin-resistance-levels-at-115k-223k/ (2) | /post-sitemap5.xml (2) | /cryptocurrency-news/page/96/ (1),Non-indexable URL appears in sitemap export,Broken URL has signals but no safe replacement was inferred; map manually.
https://tokentopnews.com/wp-content/uploads/2025/07/trump-urges-fed-lower-rates.png,post,522,,Critical,High,,/trump-urges-powell-lower-rates/ (2) | /post-sitemap6.xml (2),Non-indexable URL appears in sitemap export,Broken URL has signals but no safe replacement was inferred; map manually.
https://tokentopnews.com/wp-content/uploads/2025/07/vert-capital-tokenizes-1-billion-assets.png,post,522,,Critical,High,,/vert-capital-tokenizes-assets-xdc-network/ (2) | /post-sitemap6.xml (2),Non-indexable URL appears in sitemap export,Broken URL has signals but no safe replacement was inferred; map manually.
https://tokentopnews.com/wp-content/uploads/2025/08/boya-acquires-290-bitcoins-800x450.png,post,522,,Critical,High,,/cryptocurrency-news/page/59/ (1),,Broken URL has signals but no safe replacement was inferred; map manually.
https://tokentopnews.com/wp-content/uploads/2025/08/metaplanet-microstrategy-bitcoin-800x450.png,post,522,,Critical,High,,/cryptocurrency-news/page/59/ (1),,Broken URL has signals but no safe replacement was inferred; map manually.
https://tokentopnews.com/wp-content/uploads/2025/10/5-Best-Crypto-Mining-Apps-in-2025-Mine-Bitcoin-Safely-with-Free-and-Paid-Options-1024x576.png,post,522,,Critical,High,,/5-best-crypto-mining-apps-in-2025-mine-bitcoin-safely-with-free-and-paid-options/ (1),,Broken URL has signals but no safe replacement was inferred; map manually.
https://tokentopnews.com/wp-content/uploads/2025/10/stripe-backed-tempo-secures-500m-file-800x450.jpeg,post,522,,Critical,High,,/cryptocurrency-news/page/38/ (1),,Broken URL has signals but no safe replacement was inferred; map manually.
https://tokentopnews.com/wp-content/uploads/2025/11/image-2.jpeg,post,522,,Critical,High,,/post-sitemap9.xml (1),Non-indexable URL appears in sitemap export,Broken URL has signals but no safe replacement was inferred; map manually.
https://tokentopnews.com/wp-content/uploads/2025/11/image-23.jpeg,post,522,,Critical,High,,/post-sitemap9.xml (1),Non-indexable URL appears in sitemap export,Broken URL has signals but no safe replacement was inferred; map manually.
https://tokentopnews.com/wp-content/uploads/2025/11/image-745-1024x232.png,post,522,,Critical,High,,/6-top-crypto-movers-apeing-leads-explosive-growth/ (1),,Broken URL has signals but no safe replacement was inferred; map manually.
https://tokentopnews.com/wp-content/uploads/2025/12/image-187-1024x232.png,post,522,,Critical,High,,/doge-to-apeing-rise-apeing-tops-as-the-upcoming-meme-coin/ (1),,Broken URL has signals but no safe replacement was inferred; map manually.
https://tokentopnews.com/wp-content/uploads/2025/12/image-211.png,post,522,,Critical,High,,/post-sitemap10.xml (1),Non-indexable URL appears in sitemap export,Broken URL has signals but no safe replacement was inferred; map manually.
https://tokentopnews.com/wp-content/uploads/2026/01/image-203.png,post,522,,Critical,High,,/post-sitemap10.xml (2),Non-indexable URL appears in sitemap export,Broken URL has signals but no safe replacement was inferred; map manually.
https://tokentopnews.com/wp-content/uploads/2026/01/image-59-1024x232.png,post,522,,Critical,High,,/top-meme-coins-to-invest-in-dogwifhat-bonk-apemars/ (1),,Broken URL has signals but no safe replacement was inferred; map manually.
https://tokentopnews.com/xrp-price-bounce-whale-activity/url,post,404,,Critical,High,,/xrp-price-bounce-whale-activity/ (1),,Broken URL has signals but no safe replacement was inferred; map manually.
https://tokentopnews.com/xrp-price-drops-market-pressures/N/A,post,404,,Critical,High,,/xrp-price-drops-market-pressures/ (1),,Broken URL has signals but no safe replacement was inferred; map manually.
https://tokentopnews.com/xrp-price-falls-resistance-rejection/N/A,post,404,,Critical,High,,/xrp-price-falls-resistance-rejection/ (11),,Broken URL has signals but no safe replacement was inferred; map manually.
https://tokentopnews.com/yoake-entertainment-raises-million-blockchain/your_chart_url,post,404,,Critical,High,,/yoake-entertainment-raises-million-blockchain/ (1),,Broken URL has signals but no safe replacement was inferred; map manually.
https://tokentopnews.com/your-chance-on-solana-and-avalanche-is-gone-apemars-stage-15-at-0-0001967-could-be-the-next-100x-meme-coin/,post,404,,Critical,High,,/eth-fear-and-greed-index-neutral-45/ (1),,Broken URL has signals but no safe replacement was inferred; map manually.
https://tokentopnews.com/zachxbt-alleges-circle-logged-420m-compliance-failures/,post,404,,Critical,High,,/bitcoin-faucet-2010-5-btc-giveaway-worth-334k/ (1),,Broken URL has signals but no safe replacement was inferred; map manually.
https://tokentopnews.com/zachxbt-alleges-circle-logged-420m-in-compliance-failures-since-2022/,post,404,,Critical,High,,/charles-schwab-crypto-vertical-bitcoin-buying-soon/ (1),,Broken URL has signals but no safe replacement was inferred; map manually.
https://tokentopnews.com/zec-price-outlook-bear-bull-btc-2014-pattern/,post,404,,Critical,High,,/strategy-strc-proceeds-16800-btc-weekly-buying-power/ (1),,Broken URL has signals but no safe replacement was inferred; map manually.
https://tokentopnews.com/crypto-topics/press-releases/,press_release_archive,404,https://tokentopnews.com/press-release/,Critical,High,,/crypto-topics/cloud-mining/ (1) | /macro/regulation/page/2/ (1) | /sponsored-articles/ (1),Replacement candidate: https://tokentopnews.com/press-release/,Keep the surviving archive and consolidate old variant to https://tokentopnews.com/press-release/.
https://tokentopnews.com/cryptocurrency-news/dogecoin/,section_archive,301,https://tokentopnews.com/trends/memecoins/,High,High,,/dogecoin-price-analysis-can-doge-hold-momentum-as-liquidity-shifts/ (7) | /bitdeer-new-generation-miners-litecoin-dogecoin/ (7) | /rex-ospreys-dogecoin-etf-launch/ (3),Replacement candidate: https://tokentopnews.com/trends/memecoins/,Redirect to https://tokentopnews.com/trends/memecoins/.
https://tokentopnews.com/nft/,section_archive,301,https://tokentopnews.com/nft-collectors-value-culture-over-finance/,High,High,,/binance-adopts-bitcoin-nfts/ (1) | /opensea-product-manager-sentenced-for-insider-trading/ (1) | /new-crypto-lender-blend/ (1),Replacement candidate: https://tokentopnews.com/nft-collectors-value-culture-over-finance/,Redirect to https://tokentopnews.com/nft-collectors-value-culture-over-finance/.
