Truy vấn phổ biến nhất,Lượt nhấp,Lượt hiển thị,CTR,Vị trí
tokentopnews,18,42,42.86%,1
site:tokentopnews.com,1,379,0.26%,1
ethereum downtrend breakout resistance,1,48,2.08%,1
tokentopnews.com,1,10,10%,1
michael j. saylor,1,4,25%,1
ripple circle acquisition bid,1,4,25%,1
official website,1,1,100%,1
xrp circle,0,14,0%,1
coinbase bitcoin backed loans,0,9,0%,1
blockchaintop,0,6,0%,97.17
dogecoin etf,0,5,0%,1
bitcoin,0,3,0%,1
pepe cmc,0,2,0%,43.5
eventseye,0,2,0%,55
mtp contracts,0,2,0%,60.5
treehouse protocol,0,2,0%,75
mebags,0,2,0%,79
us nfp,0,2,0%,92.5
glassnode crypto,0,2,0%,96
michael saylor,0,1,0%,1
star traders frontiers ship guide,0,1,0%,39
disparate la solana,0,1,0%,58
ledger stax supported coins,0,1,0%,63
missouri tax token,0,1,0%,67
excavo trading,0,1,0%,69
yongli,0,1,0%,78
crypto businessnewstips.com,0,1,0%,84
a radiant echo,0,1,0%,88
binance isolated margin,0,1,0%,91
charles severs,0,1,0%,94
bert is evil,0,1,0%,96
nupl,0,1,0%,97
cardano,0,1,0%,203