"Address","Occurrences","Meta Robots 1","Meta Robots 2","X-Robots-Tag 1","Meta Refresh 1","Canonical Link Element 1","HTTP Canonical"
"https://coinlineup.com/sitemap_index.xml","1","","","noindex","","",""
"https://coinlineup.com/author/yuki-matsuda/","1","follow, noindex","","","","",""
"https://coinlineup.com/author/pizza/","1","follow, noindex","","","","",""
"https://coinlineup.com/author/jensen-ackles/","1","follow, noindex","","","","",""
"https://coinlineup.com/author/thorne-callahan/","1","follow, noindex","","","","",""
"https://coinlineup.com/author/digitalanand18gmail-com/","1","follow, noindex","","","","",""
"https://coinlineup.com/RW2Kkexur9beNro/?action=lostpassword","2","max-image-preview:large, noindex, noarchive","max-image-preview:large, noindex, noarchive","","","",""
"https://coinlineup.com/author/yuki-matsuda/page/2/","1","follow, noindex","","","","",""
"https://coinlineup.com/author/jensen-ackles/page/2/","1","follow, noindex","","","","",""
"https://coinlineup.com/author/rohan-mehta/","1","follow, noindex","","","","",""
"https://coinlineup.com/author/pizza/page/2/","1","follow, noindex","","","","",""
"https://coinlineup.com/RW2Kkexur9beNro/","2","max-image-preview:large, noindex, noarchive","max-image-preview:large, noindex, noarchive","","","",""
"https://coinlineup.com/author/thana/","1","follow, noindex","","","","",""
"https://coinlineup.com/author/pizza/page/3/","1","follow, noindex","","","","",""
"https://coinlineup.com/?s=SEC+Crypto+Fight+Could+Decide+Who+Controls+Blockchain+Stocks","1","follow, noindex","","","","",""
"https://coinlineup.com/author/jensen-ackles/page/3/","1","follow, noindex","","","","",""
"https://coinlineup.com/?s=Bitcoin+Quantum+Threat%3A+Why+Google+Can%27t+Steal+Your+BTC","1","follow, noindex","","","","",""
"https://coinlineup.com/author/digitalanand18gmail-com/page/2/","1","follow, noindex","","","","",""
"https://coinlineup.com/author/erdavood/","1","follow, noindex","","","","",""
"https://coinlineup.com/?s=Top+Crypto+News+for+April+7%3A+Bitcoin+Briefly+Jumps+Above+%2470K","1","follow, noindex","","","","",""
"https://coinlineup.com/author/yuki-matsuda/page/3/","1","follow, noindex","","","","",""
"https://coinlineup.com/author/pizza/page/4/","1","follow, noindex","","","","",""
"https://coinlineup.com/author/jensen-ackles/page/4/","1","follow, noindex","","","","",""
"https://coinlineup.com/author/digitalanand18gmail-com/page/3/","1","follow, noindex","","","","",""
"https://coinlineup.com/author/erdavood/page/2/","1","follow, noindex","","","","",""
"https://coinlineup.com/author/alie/","1","follow, noindex","","","","",""
"https://coinlineup.com/author/yuki-matsuda/page/4/","1","follow, noindex","","","","",""
"https://coinlineup.com/author/pizza/page/5/","1","follow, noindex","","","","",""
"https://coinlineup.com/author/jensen-ackles/page/5/","1","follow, noindex","","","","",""
"https://coinlineup.com/author/digitalanand18gmail-com/page/4/","1","follow, noindex","","","","",""
"https://coinlineup.com/author/erdavood/page/3/","1","follow, noindex","","","","",""
"https://coinlineup.com/author/jensen-ackles/page/6/","1","follow, noindex","","","","",""
"https://coinlineup.com/author/digitalanand18gmail-com/page/5/","1","follow, noindex","","","","",""
"https://coinlineup.com/author/erdavood/page/4/","1","follow, noindex","","","","",""
"https://coinlineup.com/author/jensen-ackles/page/7/","1","follow, noindex","","","","",""
"https://coinlineup.com/author/digitalanand18gmail-com/page/6/","1","follow, noindex","","","","",""
"https://coinlineup.com/author/erdavood/page/5/","1","follow, noindex","","","","",""
"https://coinlineup.com/author/jensen-ackles/page/8/","1","follow, noindex","","","","",""
"https://coinlineup.com/author/digitalanand18gmail-com/page/7/","1","follow, noindex","","","","",""
"https://coinlineup.com/author/erdavood/page/6/","1","follow, noindex","","","","",""
"https://coinlineup.com/author/jensen-ackles/page/9/","1","follow, noindex","","","","",""
"https://coinlineup.com/author/digitalanand18gmail-com/page/8/","1","follow, noindex","","","","",""
"https://coinlineup.com/author/erdavood/page/7/","1","follow, noindex","","","","",""
"https://coinlineup.com/author/jensen-ackles/page/10/","1","follow, noindex","","","","",""
"https://coinlineup.com/author/digitalanand18gmail-com/page/9/","1","follow, noindex","","","","",""
"https://coinlineup.com/author/erdavood/page/8/","1","follow, noindex","","","","",""
"https://coinlineup.com/author/digitalanand18gmail-com/page/10/","1","follow, noindex","","","","",""
"https://coinlineup.com/author/jensen-ackles/page/11/","1","follow, noindex","","","","",""
"https://coinlineup.com/author/erdavood/page/9/","1","follow, noindex","","","","",""
"https://coinlineup.com/author/digitalanand18gmail-com/page/11/","1","follow, noindex","","","","",""
"https://coinlineup.com/author/andy/","1","follow, noindex","","","","",""
"https://coinlineup.com/author/jensen-ackles/page/12/","1","follow, noindex","","","","",""
"https://coinlineup.com/author/erdavood/page/10/","1","follow, noindex","","","","",""
"https://coinlineup.com/author/digitalanand18gmail-com/page/12/","1","follow, noindex","","","","",""
"https://coinlineup.com/author/erdavood/page/11/","1","follow, noindex","","","","",""
"https://coinlineup.com/author/jensen-ackles/page/13/","1","follow, noindex","","","","",""
"https://coinlineup.com/author/digitalanand18gmail-com/page/13/","1","follow, noindex","","","","",""
"https://coinlineup.com/author/erdavood/page/12/","1","follow, noindex","","","","",""
"https://coinlineup.com/author/jensen-ackles/page/14/","1","follow, noindex","","","","",""
"https://coinlineup.com/author/digitalanand18gmail-com/page/14/","1","follow, noindex","","","","",""
"https://coinlineup.com/author/erdavood/page/13/","1","follow, noindex","","","","",""
"https://coinlineup.com/author/jensen-ackles/page/15/","1","follow, noindex","","","","",""
"https://coinlineup.com/tag/dot/","1","follow, noindex","","","","",""
"https://coinlineup.com/author/digitalanand18gmail-com/page/15/","1","follow, noindex","","","","",""
"https://coinlineup.com/author/jensen-ackles/page/16/","1","follow, noindex","","","","",""
"https://coinlineup.com/author/digitalanand18gmail-com/page/16/","1","follow, noindex","","","","",""
"https://coinlineup.com/author/jensen-ackles/page/17/","1","follow, noindex","","","","",""
"https://coinlineup.com/author/jensen-ackles/page/18/","1","follow, noindex","","","","",""
"https://coinlineup.com/author/digitalanand18gmail-com/page/17/","1","follow, noindex","","","","",""
"https://coinlineup.com/author/jensen-ackles/page/19/","1","follow, noindex","","","","",""
"https://coinlineup.com/author/digitalanand18gmail-com/page/18/","1","follow, noindex","","","","",""
"https://coinlineup.com/author/jensen-ackles/page/20/","1","follow, noindex","","","","",""
"https://coinlineup.com/author/digitalanand18gmail-com/page/19/","1","follow, noindex","","","","",""
"https://coinlineup.com/author/digitalanand18gmail-com/page/20/","1","follow, noindex","","","","",""
"https://coinlineup.com/author/jensen-ackles/page/21/","1","follow, noindex","","","","",""
"https://coinlineup.com/author/digitalanand18gmail-com/page/21/","1","follow, noindex","","","","",""
"https://coinlineup.com/author/jensen-ackles/page/22/","1","follow, noindex","","","","",""
"https://coinlineup.com/author/digitalanand18gmail-com/page/22/","1","follow, noindex","","","","",""
"https://coinlineup.com/author/jensen-ackles/page/23/","1","follow, noindex","","","","",""
"https://coinlineup.com/author/digitalanand18gmail-com/page/23/","1","follow, noindex","","","","",""
"https://coinlineup.com/author/jensen-ackles/page/24/","1","follow, noindex","","","","",""
"https://coinlineup.com/author/digitalanand18gmail-com/page/24/","1","follow, noindex","","","","",""
"https://coinlineup.com/author/jensen-ackles/page/25/","1","follow, noindex","","","","",""
"https://coinlineup.com/author/digitalanand18gmail-com/page/25/","1","follow, noindex","","","","",""
"https://coinlineup.com/author/jensen-ackles/page/26/","1","follow, noindex","","","","",""
"https://coinlineup.com/author/digitalanand18gmail-com/page/26/","1","follow, noindex","","","","",""
"https://coinlineup.com/author/jensen-ackles/page/27/","1","follow, noindex","","","","",""
"https://coinlineup.com/author/digitalanand18gmail-com/page/27/","1","follow, noindex","","","","",""
"https://coinlineup.com/author/jensen-ackles/page/28/","1","follow, noindex","","","","",""
"https://coinlineup.com/author/digitalanand18gmail-com/page/28/","1","follow, noindex","","","","",""
"https://coinlineup.com/author/jensen-ackles/page/29/","1","follow, noindex","","","","",""
"https://coinlineup.com/author/digitalanand18gmail-com/page/29/","1","follow, noindex","","","","",""
"https://coinlineup.com/author/jensen-ackles/page/30/","1","follow, noindex","","","","",""
"https://coinlineup.com/author/jensen-ackles/page/31/","1","follow, noindex","","","","",""
"https://coinlineup.com/author/digitalanand18gmail-com/page/30/","1","follow, noindex","","","","",""
"https://coinlineup.com/author/jensen-ackles/page/32/","1","follow, noindex","","","","",""
"https://coinlineup.com/author/digitalanand18gmail-com/page/31/","1","follow, noindex","","","","",""
"https://coinlineup.com/author/digitalanand18gmail-com/page/32/","1","follow, noindex","","","","",""
"https://coinlineup.com/author/jensen-ackles/page/33/","1","follow, noindex","","","","",""
"https://coinlineup.com/author/digitalanand18gmail-com/page/33/","1","follow, noindex","","","","",""
"https://coinlineup.com/author/jensen-ackles/page/34/","1","follow, noindex","","","","",""
"https://coinlineup.com/author/digitalanand18gmail-com/page/34/","1","follow, noindex","","","","",""
"https://coinlineup.com/author/jensen-ackles/page/35/","1","follow, noindex","","","","",""
"https://coinlineup.com/author/digitalanand18gmail-com/page/35/","1","follow, noindex","","","","",""
"https://coinlineup.com/author/jensen-ackles/page/36/","1","follow, noindex","","","","",""
"https://coinlineup.com/author/digitalanand18gmail-com/page/36/","1","follow, noindex","","","","",""
"https://coinlineup.com/author/jensen-ackles/page/37/","1","follow, noindex","","","","",""
"https://coinlineup.com/author/digitalanand18gmail-com/page/37/","1","follow, noindex","","","","",""
"https://coinlineup.com/author/jensen-ackles/page/38/","1","follow, noindex","","","","",""
"https://coinlineup.com/author/digitalanand18gmail-com/page/38/","1","follow, noindex","","","","",""
"https://coinlineup.com/author/jensen-ackles/page/39/","1","follow, noindex","","","","",""
"https://coinlineup.com/author/digitalanand18gmail-com/page/39/","1","follow, noindex","","","","",""
"https://coinlineup.com/author/jensen-ackles/page/40/","1","follow, noindex","","","","",""
"https://coinlineup.com/author/jensen-ackles/page/41/","1","follow, noindex","","","","",""
"https://coinlineup.com/author/digitalanand18gmail-com/page/40/","1","follow, noindex","","","","",""
"https://coinlineup.com/author/jensen-ackles/page/42/","1","follow, noindex","","","","",""
"https://coinlineup.com/author/digitalanand18gmail-com/page/41/","1","follow, noindex","","","","",""
"https://coinlineup.com/author/jensen-ackles/page/43/","1","follow, noindex","","","","",""
"https://coinlineup.com/author/digitalanand18gmail-com/page/42/","1","follow, noindex","","","","",""
"https://coinlineup.com/author/jensen-ackles/page/44/","1","follow, noindex","","","","",""
"https://coinlineup.com/author/digitalanand18gmail-com/page/43/","1","follow, noindex","","","","",""
"https://coinlineup.com/author/jensen-ackles/page/45/","1","follow, noindex","","","","",""
"https://coinlineup.com/author/digitalanand18gmail-com/page/44/","1","follow, noindex","","","","",""
"https://coinlineup.com/author/digitalanand18gmail-com/page/45/","1","follow, noindex","","","","",""
"https://coinlineup.com/author/jensen-ackles/page/46/","1","follow, noindex","","","","",""
"https://coinlineup.com/author/digitalanand18gmail-com/page/46/","1","follow, noindex","","","","",""
"https://coinlineup.com/author/jensen-ackles/page/47/","1","follow, noindex","","","","",""
"https://coinlineup.com/author/digitalanand18gmail-com/page/47/","1","follow, noindex","","","","",""
"https://coinlineup.com/author/jensen-ackles/page/48/","1","follow, noindex","","","","",""
"https://coinlineup.com/author/digitalanand18gmail-com/page/48/","1","follow, noindex","","","","",""
"https://coinlineup.com/author/jensen-ackles/page/49/","1","follow, noindex","","","","",""
"https://coinlineup.com/author/digitalanand18gmail-com/page/49/","1","follow, noindex","","","","",""
"https://coinlineup.com/author/jensen-ackles/page/50/","1","follow, noindex","","","","",""
"https://coinlineup.com/author/digitalanand18gmail-com/page/50/","1","follow, noindex","","","","",""
"https://coinlineup.com/author/jensen-ackles/page/51/","1","follow, noindex","","","","",""
"https://coinlineup.com/author/digitalanand18gmail-com/page/51/","1","follow, noindex","","","","",""
"https://coinlineup.com/author/jensen-ackles/page/52/","1","follow, noindex","","","","",""
"https://coinlineup.com/author/jensen-ackles/page/53/","1","follow, noindex","","","","",""
"https://coinlineup.com/author/digitalanand18gmail-com/page/52/","1","follow, noindex","","","","",""
"https://coinlineup.com/author/digitalanand18gmail-com/page/53/","1","follow, noindex","","","","",""
"https://coinlineup.com/author/jensen-ackles/page/54/","1","follow, noindex","","","","",""
"https://coinlineup.com/author/jensen-ackles/page/55/","1","follow, noindex","","","","",""
"https://coinlineup.com/author/digitalanand18gmail-com/page/54/","1","follow, noindex","","","","",""
"https://coinlineup.com/author/jensen-ackles/page/56/","1","follow, noindex","","","","",""
"https://coinlineup.com/author/digitalanand18gmail-com/page/55/","1","follow, noindex","","","","",""
"https://coinlineup.com/author/jensen-ackles/page/57/","1","follow, noindex","","","","",""
"https://coinlineup.com/author/digitalanand18gmail-com/page/56/","1","follow, noindex","","","","",""
"https://coinlineup.com/author/digitalanand18gmail-com/page/57/","1","follow, noindex","","","","",""
"https://coinlineup.com/author/jensen-ackles/page/58/","1","follow, noindex","","","","",""
"https://coinlineup.com/author/digitalanand18gmail-com/page/58/","1","follow, noindex","","","","",""
"https://coinlineup.com/author/jensen-ackles/page/59/","1","follow, noindex","","","","",""
"https://coinlineup.com/author/jensen-ackles/page/60/","1","follow, noindex","","","","",""
"https://coinlineup.com/author/digitalanand18gmail-com/page/59/","1","follow, noindex","","","","",""
"https://coinlineup.com/author/digitalanand18gmail-com/page/60/","1","follow, noindex","","","","",""
"https://coinlineup.com/author/jensen-ackles/page/61/","1","follow, noindex","","","","",""
"https://coinlineup.com/author/digitalanand18gmail-com/page/61/","1","follow, noindex","","","","",""
"https://coinlineup.com/author/jensen-ackles/page/62/","1","follow, noindex","","","","",""
"https://coinlineup.com/author/jensen-ackles/page/63/","1","follow, noindex","","","","",""
"https://coinlineup.com/author/digitalanand18gmail-com/page/62/","1","follow, noindex","","","","",""
"https://coinlineup.com/author/digitalanand18gmail-com/page/63/","1","follow, noindex","","","","",""
"https://coinlineup.com/author/jensen-ackles/page/64/","1","follow, noindex","","","","",""
"https://coinlineup.com/author/jensen-ackles/page/65/","1","follow, noindex","","","","",""
"https://coinlineup.com/author/digitalanand18gmail-com/page/64/","1","follow, noindex","","","","",""
"https://coinlineup.com/author/digitalanand18gmail-com/page/65/","1","follow, noindex","","","","",""
"https://coinlineup.com/author/jensen-ackles/page/66/","1","follow, noindex","","","","",""
"https://coinlineup.com/author/digitalanand18gmail-com/page/66/","1","follow, noindex","","","","",""
"https://coinlineup.com/author/jensen-ackles/page/67/","1","follow, noindex","","","","",""
"https://coinlineup.com/author/digitalanand18gmail-com/page/67/","1","follow, noindex","","","","",""
"https://coinlineup.com/author/jensen-ackles/page/68/","1","follow, noindex","","","","",""
"https://coinlineup.com/author/digitalanand18gmail-com/page/68/","1","follow, noindex","","","","",""
"https://coinlineup.com/author/jensen-ackles/page/69/","1","follow, noindex","","","","",""
"https://coinlineup.com/author/digitalanand18gmail-com/page/69/","1","follow, noindex","","","","",""
"https://coinlineup.com/author/jensen-ackles/page/70/","1","follow, noindex","","","","",""
"https://coinlineup.com/author/jensen-ackles/page/71/","1","follow, noindex","","","","",""
"https://coinlineup.com/author/digitalanand18gmail-com/page/70/","1","follow, noindex","","","","",""
"https://coinlineup.com/author/digitalanand18gmail-com/page/71/","1","follow, noindex","","","","",""
"https://coinlineup.com/author/jensen-ackles/page/72/","1","follow, noindex","","","","",""
"https://coinlineup.com/author/digitalanand18gmail-com/page/72/","1","follow, noindex","","","","",""
"https://coinlineup.com/author/jensen-ackles/page/73/","1","follow, noindex","","","","",""
"https://coinlineup.com/author/digitalanand18gmail-com/page/73/","1","follow, noindex","","","","",""
"https://coinlineup.com/author/jensen-ackles/page/74/","1","follow, noindex","","","","",""
"https://coinlineup.com/author/jensen-ackles/page/75/","1","follow, noindex","","","","",""
"https://coinlineup.com/author/digitalanand18gmail-com/page/74/","1","follow, noindex","","","","",""
"https://coinlineup.com/author/digitalanand18gmail-com/page/75/","1","follow, noindex","","","","",""
"https://coinlineup.com/author/jensen-ackles/page/76/","1","follow, noindex","","","","",""
"https://coinlineup.com/author/jensen-ackles/page/77/","1","follow, noindex","","","","",""
"https://coinlineup.com/author/digitalanand18gmail-com/page/76/","1","follow, noindex","","","","",""
"https://coinlineup.com/author/jensen-ackles/page/78/","1","follow, noindex","","","","",""
"https://coinlineup.com/author/digitalanand18gmail-com/page/77/","1","follow, noindex","","","","",""
"https://coinlineup.com/author/digitalanand18gmail-com/page/78/","1","follow, noindex","","","","",""
"https://coinlineup.com/author/jensen-ackles/page/79/","1","follow, noindex","","","","",""
"https://coinlineup.com/author/digitalanand18gmail-com/page/79/","1","follow, noindex","","","","",""
"https://coinlineup.com/author/jensen-ackles/page/80/","1","follow, noindex","","","","",""
"https://coinlineup.com/author/digitalanand18gmail-com/page/80/","1","follow, noindex","","","","",""
"https://coinlineup.com/author/jensen-ackles/page/81/","1","follow, noindex","","","","",""
"https://coinlineup.com/author/jensen-ackles/page/82/","1","follow, noindex","","","","",""
"https://coinlineup.com/author/digitalanand18gmail-com/page/81/","1","follow, noindex","","","","",""
"https://coinlineup.com/author/jensen-ackles/page/83/","1","follow, noindex","","","","",""
"https://coinlineup.com/author/digitalanand18gmail-com/page/82/","1","follow, noindex","","","","",""
"https://coinlineup.com/author/digitalanand18gmail-com/page/83/","1","follow, noindex","","","","",""
"https://coinlineup.com/author/digitalanand18gmail-com/page/84/","1","follow, noindex","","","","",""
"https://coinlineup.com/author/digitalanand18gmail-com/page/85/","1","follow, noindex","","","","",""
"https://coinlineup.com/author/digitalanand18gmail-com/page/86/","1","follow, noindex","","","","",""
"https://coinlineup.com/author/digitalanand18gmail-com/page/87/","1","follow, noindex","","","","",""
"https://coinlineup.com/author/digitalanand18gmail-com/page/88/","1","follow, noindex","","","","",""
"https://coinlineup.com/author/digitalanand18gmail-com/page/89/","1","follow, noindex","","","","",""
"https://coinlineup.com/author/digitalanand18gmail-com/page/90/","1","follow, noindex","","","","",""
"https://coinlineup.com/author/digitalanand18gmail-com/page/91/","1","follow, noindex","","","","",""
"https://coinlineup.com/author/digitalanand18gmail-com/page/92/","1","follow, noindex","","","","",""
"https://coinlineup.com/author/digitalanand18gmail-com/page/93/","1","follow, noindex","","","","",""
"https://coinlineup.com/author/digitalanand18gmail-com/page/94/","1","follow, noindex","","","","",""
"https://coinlineup.com/author/digitalanand18gmail-com/page/95/","1","follow, noindex","","","","",""
"https://coinlineup.com/author/digitalanand18gmail-com/page/96/","1","follow, noindex","","","","",""
"https://coinlineup.com/author/digitalanand18gmail-com/page/97/","1","follow, noindex","","","","",""
"https://coinlineup.com/author/digitalanand18gmail-com/page/98/","1","follow, noindex","","","","",""
"https://coinlineup.com/author/digitalanand18gmail-com/page/99/","1","follow, noindex","","","","",""
"https://coinlineup.com/author/digitalanand18gmail-com/page/100/","1","follow, noindex","","","","",""
"https://coinlineup.com/author/digitalanand18gmail-com/page/101/","1","follow, noindex","","","","",""
"https://coinlineup.com/author/digitalanand18gmail-com/page/102/","1","follow, noindex","","","","",""
"https://coinlineup.com/author/digitalanand18gmail-com/page/103/","1","follow, noindex","","","","",""
"https://coinlineup.com/author/digitalanand18gmail-com/page/104/","1","follow, noindex","","","","",""
"https://coinlineup.com/author/digitalanand18gmail-com/page/105/","1","follow, noindex","","","","",""
"https://coinlineup.com/author/digitalanand18gmail-com/page/106/","1","follow, noindex","","","","",""
"https://coinlineup.com/author/digitalanand18gmail-com/page/107/","1","follow, noindex","","","","",""
"https://coinlineup.com/author/digitalanand18gmail-com/page/108/","1","follow, noindex","","","","",""
"https://coinlineup.com/author/digitalanand18gmail-com/page/109/","1","follow, noindex","","","","",""
"https://coinlineup.com/author/digitalanand18gmail-com/page/110/","1","follow, noindex","","","","",""
"https://coinlineup.com/author/digitalanand18gmail-com/page/111/","1","follow, noindex","","","","",""
"https://coinlineup.com/author/digitalanand18gmail-com/page/112/","1","follow, noindex","","","","",""
"https://coinlineup.com/author/digitalanand18gmail-com/page/113/","1","follow, noindex","","","","",""
"https://coinlineup.com/author/digitalanand18gmail-com/page/114/","1","follow, noindex","","","","",""
"https://coinlineup.com/author/digitalanand18gmail-com/page/115/","1","follow, noindex","","","","",""
"https://coinlineup.com/author/digitalanand18gmail-com/page/116/","1","follow, noindex","","","","",""
"https://coinlineup.com/author/digitalanand18gmail-com/page/117/","1","follow, noindex","","","","",""
"https://coinlineup.com/author/digitalanand18gmail-com/page/118/","1","follow, noindex","","","","",""
"https://coinlineup.com/author/digitalanand18gmail-com/page/119/","1","follow, noindex","","","","",""
"https://coinlineup.com/author/digitalanand18gmail-com/page/120/","1","follow, noindex","","","","",""
"https://coinlineup.com/author/digitalanand18gmail-com/page/121/","1","follow, noindex","","","","",""
"https://coinlineup.com/author/digitalanand18gmail-com/page/122/","1","follow, noindex","","","","",""
"https://coinlineup.com/author/digitalanand18gmail-com/page/123/","1","follow, noindex","","","","",""
"https://coinlineup.com/author/digitalanand18gmail-com/page/124/","1","follow, noindex","","","","",""
"https://coinlineup.com/author/digitalanand18gmail-com/page/125/","1","follow, noindex","","","","",""
"https://coinlineup.com/author/digitalanand18gmail-com/page/126/","1","follow, noindex","","","","",""
"https://coinlineup.com/author/digitalanand18gmail-com/page/127/","1","follow, noindex","","","","",""
"https://coinlineup.com/author/digitalanand18gmail-com/page/128/","1","follow, noindex","","","","",""
"https://coinlineup.com/author/digitalanand18gmail-com/page/129/","1","follow, noindex","","","","",""
"https://coinlineup.com/author/digitalanand18gmail-com/page/130/","1","follow, noindex","","","","",""
"https://coinlineup.com/post-sitemap3.xml","1","","","noindex","","",""
"https://coinlineup.com/post-sitemap23.xml","1","","","noindex","","",""
"https://coinlineup.com/author/digitalanand18gmail-com/page/131/","1","follow, noindex","","","","",""
"https://coinlineup.com/author/digitalanand18gmail-com/page/132/","1","follow, noindex","","","","",""
"https://coinlineup.com/author/digitalanand18gmail-com/page/133/","1","follow, noindex","","","","",""
"https://coinlineup.com/post-sitemap8.xml","1","","","noindex","","",""
"https://coinlineup.com/author/digitalanand18gmail-com/page/134/","1","follow, noindex","","","","",""
"https://coinlineup.com/post-sitemap31.xml","1","","","noindex","","",""
"https://coinlineup.com/post-sitemap15.xml","1","","","noindex","","",""
"https://coinlineup.com/author/digitalanand18gmail-com/page/135/","1","follow, noindex","","","","",""
"https://coinlineup.com/author/digitalanand18gmail-com/page/136/","1","follow, noindex","","","","",""
"https://coinlineup.com/author/digitalanand18gmail-com/page/137/","1","follow, noindex","","","","",""
"https://coinlineup.com/author/digitalanand18gmail-com/page/138/","1","follow, noindex","","","","",""
"https://coinlineup.com/author/digitalanand18gmail-com/page/139/","1","follow, noindex","","","","",""
"https://coinlineup.com/author/digitalanand18gmail-com/page/140/","1","follow, noindex","","","","",""
"https://coinlineup.com/post-sitemap40.xml","1","","","noindex","","",""
"https://coinlineup.com/author/digitalanand18gmail-com/page/141/","1","follow, noindex","","","","",""
"https://coinlineup.com/post-sitemap24.xml","1","","","noindex","","",""
"https://coinlineup.com/post-sitemap7.xml","1","","","noindex","","",""
"https://coinlineup.com/author/digitalanand18gmail-com/page/142/","1","follow, noindex","","","","",""
"https://coinlineup.com/author/digitalanand18gmail-com/page/143/","1","follow, noindex","","","","",""
"https://coinlineup.com/author/digitalanand18gmail-com/page/144/","1","follow, noindex","","","","",""
"https://coinlineup.com/author/digitalanand18gmail-com/page/145/","1","follow, noindex","","","","",""
"https://coinlineup.com/post-sitemap22.xml","1","","","noindex","","",""
"https://coinlineup.com/post-sitemap9.xml","1","","","noindex","","",""
"https://coinlineup.com/author/digitalanand18gmail-com/page/146/","1","follow, noindex","","","","",""
"https://coinlineup.com/author/digitalanand18gmail-com/page/147/","1","follow, noindex","","","","",""
"https://coinlineup.com/author/digitalanand18gmail-com/page/148/","1","follow, noindex","","","","",""
"https://coinlineup.com/author/digitalanand18gmail-com/page/149/","1","follow, noindex","","","","",""
"https://coinlineup.com/post-sitemap30.xml","1","","","noindex","","",""
"https://coinlineup.com/author/digitalanand18gmail-com/page/150/","1","follow, noindex","","","","",""
"https://coinlineup.com/post-sitemap16.xml","1","","","noindex","","",""
"https://coinlineup.com/author/digitalanand18gmail-com/page/151/","1","follow, noindex","","","","",""
"https://coinlineup.com/author/digitalanand18gmail-com/page/152/","1","follow, noindex","","","","",""
"https://coinlineup.com/post-sitemap25.xml","1","","","noindex","","",""
"https://coinlineup.com/post-sitemap21.xml","1","","","noindex","","",""
"https://coinlineup.com/author/digitalanand18gmail-com/page/153/","1","follow, noindex","","","","",""
"https://coinlineup.com/post-sitemap12.xml","1","","","noindex","","",""
"https://coinlineup.com/author/digitalanand18gmail-com/page/154/","1","follow, noindex","","","","",""
"https://coinlineup.com/author/digitalanand18gmail-com/page/155/","1","follow, noindex","","","","",""
"https://coinlineup.com/author/digitalanand18gmail-com/page/156/","1","follow, noindex","","","","",""
"https://coinlineup.com/author/digitalanand18gmail-com/page/157/","1","follow, noindex","","","","",""
"https://coinlineup.com/post-sitemap17.xml","1","","","noindex","","",""
"https://coinlineup.com/author/digitalanand18gmail-com/page/158/","1","follow, noindex","","","","",""
"https://coinlineup.com/author/digitalanand18gmail-com/page/159/","1","follow, noindex","","","","",""
"https://coinlineup.com/author/digitalanand18gmail-com/page/160/","1","follow, noindex","","","","",""
"https://coinlineup.com/author/digitalanand18gmail-com/page/161/","1","follow, noindex","","","","",""
"https://coinlineup.com/author/digitalanand18gmail-com/page/162/","1","follow, noindex","","","","",""
"https://coinlineup.com/post-sitemap1.xml","1","","","noindex","","",""
"https://coinlineup.com/post-sitemap11.xml","1","","","noindex","","",""
"https://coinlineup.com/author/digitalanand18gmail-com/page/163/","1","follow, noindex","","","","",""
"https://coinlineup.com/author/digitalanand18gmail-com/page/164/","1","follow, noindex","","","","",""
"https://coinlineup.com/author/digitalanand18gmail-com/page/165/","1","follow, noindex","","","","",""
"https://coinlineup.com/author/digitalanand18gmail-com/page/166/","1","follow, noindex","","","","",""
"https://coinlineup.com/author/digitalanand18gmail-com/page/167/","1","follow, noindex","","","","",""
"https://coinlineup.com/author/digitalanand18gmail-com/page/168/","1","follow, noindex","","","","",""
"https://coinlineup.com/author/digitalanand18gmail-com/page/169/","1","follow, noindex","","","","",""
"https://coinlineup.com/author/digitalanand18gmail-com/page/170/","1","follow, noindex","","","","",""
"https://coinlineup.com/author/digitalanand18gmail-com/page/171/","1","follow, noindex","","","","",""
"https://coinlineup.com/author/digitalanand18gmail-com/page/172/","1","follow, noindex","","","","",""
"https://coinlineup.com/author/digitalanand18gmail-com/page/173/","1","follow, noindex","","","","",""
"https://coinlineup.com/author/digitalanand18gmail-com/page/174/","1","follow, noindex","","","","",""
"https://coinlineup.com/author/digitalanand18gmail-com/page/175/","1","follow, noindex","","","","",""
"https://coinlineup.com/post-sitemap35.xml","1","","","noindex","","",""
"https://coinlineup.com/author/digitalanand18gmail-com/page/176/","1","follow, noindex","","","","",""
"https://coinlineup.com/author/digitalanand18gmail-com/page/177/","1","follow, noindex","","","","",""
"https://coinlineup.com/author/digitalanand18gmail-com/page/178/","1","follow, noindex","","","","",""
"https://coinlineup.com/post-sitemap18.xml","1","","","noindex","","",""
"https://coinlineup.com/author/digitalanand18gmail-com/page/179/","1","follow, noindex","","","","",""
"https://coinlineup.com/author/digitalanand18gmail-com/page/180/","1","follow, noindex","","","","",""
"https://coinlineup.com/author/digitalanand18gmail-com/page/181/","1","follow, noindex","","","","",""
"https://coinlineup.com/author/digitalanand18gmail-com/page/182/","1","follow, noindex","","","","",""
"https://coinlineup.com/category-sitemap.xml","1","","","noindex","","",""
"https://coinlineup.com/author/digitalanand18gmail-com/page/183/","1","follow, noindex","","","","",""
"https://coinlineup.com/author/digitalanand18gmail-com/page/184/","1","follow, noindex","","","","",""
"https://coinlineup.com/author/digitalanand18gmail-com/page/185/","1","follow, noindex","","","","",""
"https://coinlineup.com/post-sitemap41.xml","1","","","noindex","","",""
"https://coinlineup.com/author/digitalanand18gmail-com/page/186/","1","follow, noindex","","","","",""
"https://coinlineup.com/author/digitalanand18gmail-com/page/187/","1","follow, noindex","","","","",""
"https://coinlineup.com/author/digitalanand18gmail-com/page/188/","1","follow, noindex","","","","",""
"https://coinlineup.com/author/digitalanand18gmail-com/page/189/","1","follow, noindex","","","","",""
"https://coinlineup.com/author/digitalanand18gmail-com/page/190/","1","follow, noindex","","","","",""
"https://coinlineup.com/author/digitalanand18gmail-com/page/191/","1","follow, noindex","","","","",""
"https://coinlineup.com/author/digitalanand18gmail-com/page/192/","1","follow, noindex","","","","",""
"https://coinlineup.com/author/digitalanand18gmail-com/page/193/","1","follow, noindex","","","","",""
"https://coinlineup.com/author/digitalanand18gmail-com/page/194/","1","follow, noindex","","","","",""
"https://coinlineup.com/author/digitalanand18gmail-com/page/195/","1","follow, noindex","","","","",""
"https://coinlineup.com/author/digitalanand18gmail-com/page/196/","1","follow, noindex","","","","",""
"https://coinlineup.com/author/digitalanand18gmail-com/page/197/","1","follow, noindex","","","","",""
"https://coinlineup.com/author/digitalanand18gmail-com/page/198/","1","follow, noindex","","","","",""
"https://coinlineup.com/author/digitalanand18gmail-com/page/199/","1","follow, noindex","","","","",""
"https://coinlineup.com/author/digitalanand18gmail-com/page/200/","1","follow, noindex","","","","",""
"https://coinlineup.com/author/digitalanand18gmail-com/page/201/","1","follow, noindex","","","","",""
"https://coinlineup.com/author/digitalanand18gmail-com/page/202/","1","follow, noindex","","","","",""
"https://coinlineup.com/author/digitalanand18gmail-com/page/203/","1","follow, noindex","","","","",""
"https://coinlineup.com/author/digitalanand18gmail-com/page/204/","1","follow, noindex","","","","",""
"https://coinlineup.com/author/digitalanand18gmail-com/page/205/","1","follow, noindex","","","","",""
"https://coinlineup.com/author/digitalanand18gmail-com/page/206/","1","follow, noindex","","","","",""
"https://coinlineup.com/author/digitalanand18gmail-com/page/207/","1","follow, noindex","","","","",""
"https://coinlineup.com/author/digitalanand18gmail-com/page/208/","1","follow, noindex","","","","",""
"https://coinlineup.com/author/digitalanand18gmail-com/page/209/","1","follow, noindex","","","","",""
"https://coinlineup.com/author/digitalanand18gmail-com/page/210/","1","follow, noindex","","","","",""
"https://coinlineup.com/author/digitalanand18gmail-com/page/211/","1","follow, noindex","","","","",""
"https://coinlineup.com/author/digitalanand18gmail-com/page/212/","1","follow, noindex","","","","",""
"https://coinlineup.com/author/digitalanand18gmail-com/page/213/","1","follow, noindex","","","","",""
"https://coinlineup.com/author/digitalanand18gmail-com/page/214/","1","follow, noindex","","","","",""
"https://coinlineup.com/author/digitalanand18gmail-com/page/215/","1","follow, noindex","","","","",""
"https://coinlineup.com/author/digitalanand18gmail-com/page/216/","1","follow, noindex","","","","",""
"https://coinlineup.com/author/digitalanand18gmail-com/page/217/","1","follow, noindex","","","","",""
"https://coinlineup.com/author/digitalanand18gmail-com/page/218/","1","follow, noindex","","","","",""
"https://coinlineup.com/author/digitalanand18gmail-com/page/219/","1","follow, noindex","","","","",""
"https://coinlineup.com/author/digitalanand18gmail-com/page/220/","1","follow, noindex","","","","",""
"https://coinlineup.com/post-sitemap19.xml","1","","","noindex","","",""
"https://coinlineup.com/author/digitalanand18gmail-com/page/221/","1","follow, noindex","","","","",""
"https://coinlineup.com/author/digitalanand18gmail-com/page/222/","1","follow, noindex","","","","",""
"https://coinlineup.com/author/digitalanand18gmail-com/page/223/","1","follow, noindex","","","","",""
"https://coinlineup.com/author/digitalanand18gmail-com/page/224/","1","follow, noindex","","","","",""
"https://coinlineup.com/author/digitalanand18gmail-com/page/225/","1","follow, noindex","","","","",""
"https://coinlineup.com/author/digitalanand18gmail-com/page/226/","1","follow, noindex","","","","",""
"https://coinlineup.com/author/digitalanand18gmail-com/page/227/","1","follow, noindex","","","","",""
"https://coinlineup.com/author/digitalanand18gmail-com/page/228/","1","follow, noindex","","","","",""
"https://coinlineup.com/author/digitalanand18gmail-com/page/229/","1","follow, noindex","","","","",""
"https://coinlineup.com/author/digitalanand18gmail-com/page/230/","1","follow, noindex","","","","",""
"https://coinlineup.com/author/digitalanand18gmail-com/page/231/","1","follow, noindex","","","","",""
"https://coinlineup.com/author/digitalanand18gmail-com/page/232/","1","follow, noindex","","","","",""
"https://coinlineup.com/author/digitalanand18gmail-com/page/233/","1","follow, noindex","","","","",""
"https://coinlineup.com/author/digitalanand18gmail-com/page/234/","1","follow, noindex","","","","",""
"https://coinlineup.com/author/digitalanand18gmail-com/page/235/","1","follow, noindex","","","","",""
"https://coinlineup.com/author/digitalanand18gmail-com/page/236/","1","follow, noindex","","","","",""
"https://coinlineup.com/author/digitalanand18gmail-com/page/237/","1","follow, noindex","","","","",""
"https://coinlineup.com/author/digitalanand18gmail-com/page/238/","1","follow, noindex","","","","",""
"https://coinlineup.com/author/digitalanand18gmail-com/page/239/","1","follow, noindex","","","","",""
"https://coinlineup.com/author/digitalanand18gmail-com/page/240/","1","follow, noindex","","","","",""
"https://coinlineup.com/author/digitalanand18gmail-com/page/241/","1","follow, noindex","","","","",""
"https://coinlineup.com/author/digitalanand18gmail-com/page/242/","1","follow, noindex","","","","",""
"https://coinlineup.com/post-sitemap10.xml","1","","","noindex","","",""
"https://coinlineup.com/author/digitalanand18gmail-com/page/243/","1","follow, noindex","","","","",""
"https://coinlineup.com/author/digitalanand18gmail-com/page/244/","1","follow, noindex","","","","",""
"https://coinlineup.com/author/digitalanand18gmail-com/page/245/","1","follow, noindex","","","","",""
"https://coinlineup.com/author/digitalanand18gmail-com/page/246/","1","follow, noindex","","","","",""
"https://coinlineup.com/author/digitalanand18gmail-com/page/247/","1","follow, noindex","","","","",""
"https://coinlineup.com/author/digitalanand18gmail-com/page/248/","1","follow, noindex","","","","",""
"https://coinlineup.com/author/digitalanand18gmail-com/page/249/","1","follow, noindex","","","","",""
"https://coinlineup.com/author/digitalanand18gmail-com/page/250/","1","follow, noindex","","","","",""
"https://coinlineup.com/author/digitalanand18gmail-com/page/251/","1","follow, noindex","","","","",""
"https://coinlineup.com/author/digitalanand18gmail-com/page/252/","1","follow, noindex","","","","",""
"https://coinlineup.com/author/digitalanand18gmail-com/page/253/","1","follow, noindex","","","","",""
"https://coinlineup.com/post-sitemap2.xml","1","","","noindex","","",""
"https://coinlineup.com/author/digitalanand18gmail-com/page/254/","1","follow, noindex","","","","",""
"https://coinlineup.com/author/digitalanand18gmail-com/page/255/","1","follow, noindex","","","","",""
"https://coinlineup.com/author/digitalanand18gmail-com/page/256/","1","follow, noindex","","","","",""
"https://coinlineup.com/author/digitalanand18gmail-com/page/257/","1","follow, noindex","","","","",""
"https://coinlineup.com/author/digitalanand18gmail-com/page/258/","1","follow, noindex","","","","",""
"https://coinlineup.com/author/digitalanand18gmail-com/page/259/","1","follow, noindex","","","","",""
"https://coinlineup.com/author/digitalanand18gmail-com/page/260/","1","follow, noindex","","","","",""
"https://coinlineup.com/author/digitalanand18gmail-com/page/261/","1","follow, noindex","","","","",""
"https://coinlineup.com/author/digitalanand18gmail-com/page/262/","1","follow, noindex","","","","",""
"https://coinlineup.com/author/digitalanand18gmail-com/page/263/","1","follow, noindex","","","","",""
"https://coinlineup.com/author/digitalanand18gmail-com/page/264/","1","follow, noindex","","","","",""
"https://coinlineup.com/author/digitalanand18gmail-com/page/265/","1","follow, noindex","","","","",""
"https://coinlineup.com/author/digitalanand18gmail-com/page/266/","1","follow, noindex","","","","",""
"https://coinlineup.com/author/digitalanand18gmail-com/page/267/","1","follow, noindex","","","","",""
"https://coinlineup.com/author/digitalanand18gmail-com/page/268/","1","follow, noindex","","","","",""
"https://coinlineup.com/author/digitalanand18gmail-com/page/269/","1","follow, noindex","","","","",""
"https://coinlineup.com/author/digitalanand18gmail-com/page/270/","1","follow, noindex","","","","",""
"https://coinlineup.com/author/digitalanand18gmail-com/page/271/","1","follow, noindex","","","","",""
"https://coinlineup.com/post-sitemap36.xml","1","","","noindex","","",""
"https://coinlineup.com/author/digitalanand18gmail-com/page/272/","1","follow, noindex","","","","",""
"https://coinlineup.com/author/digitalanand18gmail-com/page/273/","1","follow, noindex","","","","",""
"https://coinlineup.com/author/digitalanand18gmail-com/page/274/","1","follow, noindex","","","","",""
"https://coinlineup.com/author/digitalanand18gmail-com/page/275/","1","follow, noindex","","","","",""
"https://coinlineup.com/author/digitalanand18gmail-com/page/276/","1","follow, noindex","","","","",""
"https://coinlineup.com/author/digitalanand18gmail-com/page/277/","1","follow, noindex","","","","",""
"https://coinlineup.com/author/digitalanand18gmail-com/page/278/","1","follow, noindex","","","","",""
"https://coinlineup.com/author/digitalanand18gmail-com/page/279/","1","follow, noindex","","","","",""
"https://coinlineup.com/author/digitalanand18gmail-com/page/280/","1","follow, noindex","","","","",""
"https://coinlineup.com/author/digitalanand18gmail-com/page/281/","1","follow, noindex","","","","",""
"https://coinlineup.com/author/digitalanand18gmail-com/page/282/","1","follow, noindex","","","","",""
"https://coinlineup.com/author/digitalanand18gmail-com/page/283/","1","follow, noindex","","","","",""
"https://coinlineup.com/author/digitalanand18gmail-com/page/284/","1","follow, noindex","","","","",""
"https://coinlineup.com/author/digitalanand18gmail-com/page/285/","1","follow, noindex","","","","",""
"https://coinlineup.com/post-sitemap28.xml","1","","","noindex","","",""
"https://coinlineup.com/author/digitalanand18gmail-com/page/286/","1","follow, noindex","","","","",""
"https://coinlineup.com/author/digitalanand18gmail-com/page/287/","1","follow, noindex","","","","",""
"https://coinlineup.com/author/digitalanand18gmail-com/page/288/","1","follow, noindex","","","","",""
"https://coinlineup.com/author/digitalanand18gmail-com/page/289/","1","follow, noindex","","","","",""
"https://coinlineup.com/author/digitalanand18gmail-com/page/290/","1","follow, noindex","","","","",""
"https://coinlineup.com/author/digitalanand18gmail-com/page/291/","1","follow, noindex","","","","",""
"https://coinlineup.com/author/digitalanand18gmail-com/page/292/","1","follow, noindex","","","","",""
"https://coinlineup.com/page-sitemap.xml","1","","","noindex","","",""
"https://coinlineup.com/author/digitalanand18gmail-com/page/293/","1","follow, noindex","","","","",""
"https://coinlineup.com/author/digitalanand18gmail-com/page/294/","1","follow, noindex","","","","",""
"https://coinlineup.com/author/digitalanand18gmail-com/page/295/","1","follow, noindex","","","","",""
"https://coinlineup.com/author/digitalanand18gmail-com/page/296/","1","follow, noindex","","","","",""
"https://coinlineup.com/author/digitalanand18gmail-com/page/297/","1","follow, noindex","","","","",""
"https://coinlineup.com/author/digitalanand18gmail-com/page/298/","1","follow, noindex","","","","",""
"https://coinlineup.com/author/digitalanand18gmail-com/page/299/","1","follow, noindex","","","","",""
"https://coinlineup.com/author/digitalanand18gmail-com/page/300/","1","follow, noindex","","","","",""
"https://coinlineup.com/author/digitalanand18gmail-com/page/301/","1","follow, noindex","","","","",""
"https://coinlineup.com/author/digitalanand18gmail-com/page/302/","1","follow, noindex","","","","",""
"https://coinlineup.com/author/digitalanand18gmail-com/page/303/","1","follow, noindex","","","","",""
"https://coinlineup.com/author/digitalanand18gmail-com/page/304/","1","follow, noindex","","","","",""
"https://coinlineup.com/author/digitalanand18gmail-com/page/305/","1","follow, noindex","","","","",""
"https://coinlineup.com/author/digitalanand18gmail-com/page/306/","1","follow, noindex","","","","",""
"https://coinlineup.com/author/digitalanand18gmail-com/page/307/","1","follow, noindex","","","","",""
"https://coinlineup.com/author/digitalanand18gmail-com/page/308/","1","follow, noindex","","","","",""
"https://coinlineup.com/author/digitalanand18gmail-com/page/309/","1","follow, noindex","","","","",""
"https://coinlineup.com/author/digitalanand18gmail-com/page/310/","1","follow, noindex","","","","",""
"https://coinlineup.com/news-sitemap.xml","1","","","noindex","","",""
"https://coinlineup.com/author/digitalanand18gmail-com/page/311/","1","follow, noindex","","","","",""
"https://coinlineup.com/author/digitalanand18gmail-com/page/312/","1","follow, noindex","","","","",""
"https://coinlineup.com/author/digitalanand18gmail-com/page/313/","1","follow, noindex","","","","",""
"https://coinlineup.com/post-sitemap37.xml","1","","","noindex","","",""
"https://coinlineup.com/post-sitemap29.xml","1","","","noindex","","",""
"https://coinlineup.com/post-sitemap38.xml","1","","","noindex","","",""
"https://coinlineup.com/post-sitemap4.xml","1","","","noindex","","",""
"https://coinlineup.com/post-sitemap34.xml","1","","","noindex","","",""
"https://coinlineup.com/post-sitemap20.xml","1","","","noindex","","",""
"https://coinlineup.com/post-sitemap5.xml","1","","","noindex","","",""
"https://coinlineup.com/post-sitemap33.xml","1","","","noindex","","",""
"https://coinlineup.com/post-sitemap13.xml","1","","","noindex","","",""
"https://coinlineup.com/post-sitemap26.xml","1","","","noindex","","",""
"https://coinlineup.com/post-sitemap39.xml","1","","","noindex","","",""
"https://coinlineup.com/post-sitemap6.xml","1","","","noindex","","",""
"https://coinlineup.com/post-sitemap14.xml","1","","","noindex","","",""
"https://coinlineup.com/post-sitemap27.xml","1","","","noindex","","",""
"https://coinlineup.com/post-sitemap32.xml","1","","","noindex","","",""
