"Address","Occurrences","Meta Description 1","Meta Description 1 Length","Meta Description 1 Pixel Width","Meta Description 2","Meta Description 2 Length","Meta Description 2 Pixel Width","Indexability","Indexability Status"
"https://coinlineup.com/blockdag-at-0-0000061-the-strategic-95x-entry-closes-while-pi-network-and-ethereum-face-market-resistance-2/","1","Analyze Pi Network's volatility & Ethereum's range-bound trends while BlockDAG's $0.0000061 entry offers a 95x edge, marking it among the top crypto coins.","155","972","","0","0","Indexable",""
"https://coinlineup.com/blockdag-at-0-0000061-the-strategic-95x-entry-closes-while-pi-network-and-ethereum-face-market-resistance/","1","Analyze Pi Network's volatility & Ethereum's range-bound trends while BlockDAG's $0.0000061 entry offers a 95x edge, marking it among the top crypto coins.","155","972","","0","0","Indexable",""
"https://coinlineup.com/quantifying-the-shift-spartans-casino-s-7-000-000-leaderboard-and-the-future-of-digital-wagering/","1","Analyze the global gaming shift as a $7M prize pool with a $5M top reward cements the status of the fastest growing online casino through data-driven incentives.","161","1002","","0","0","Indexable",""
"https://coinlineup.com/quantifying-the-shift-spartans-casino-s-7-000-000-leaderboard-and-the-future-of-digital-wagering-2/","1","Analyze the global gaming shift as a $7M prize pool with a $5M top reward cements the status of the fastest growing online casino through data-driven incentives.","161","1002","","0","0","Indexable",""
"https://coinlineup.com/bitcoin-long-term-holders-4-37m-btc-april-7-signal/","2","Bitcoin long-term holders increased their balances to 4.37 million BTC as of April 7. Here is what this accumulation trend may signal for supply pressure and market sentiment.","175","1072","Bitcoin long-term holders increased their balances to 4.37 million BTC as of April 7. Here is what this accumulation trend may signal for supply pressure and market sentiment.","175","1072","Indexable",""
"https://coinlineup.com/qubetics-nears-0-40-listing-as-bitcoin-and-bnb-react-to-global-shifts/","1","Bitcoin’s leverage unwind and BNB’s $100M Nasdaq bet shake the market, but all eyes turn to Qubetics as the next big crypto with 100x potential and a $0.40 exchange launch.","172","1082","","0","0","Indexable",""
"https://coinlineup.com/qubetics-nears-0-40-listing-as-bitcoin-and-bnb-react-to-global-shifts-2/","1","Bitcoin’s leverage unwind and BNB’s $100M Nasdaq bet shake the market, but all eyes turn to Qubetics as the next big crypto with 100x potential and a $0.40 exchange launch.","172","1082","","0","0","Indexable",""
"https://coinlineup.com/best-crypto-casino-sites-to-explore-in-2026-spartans-bitstarz-lucky-rebel-and-thunderpick-leading-the-market-2/","1","Discover the best crypto casino platforms in 2026 including Spartans, BitStarz, Lucky Rebel, and Thunderpick, featuring instant payouts, thousands of games, and high-stakes rewards.","181","1132","","0","0","Indexable",""
"https://coinlineup.com/best-crypto-casino-sites-to-explore-in-2026-spartans-bitstarz-lucky-rebel-and-thunderpick-leading-the-market/","1","Discover the best crypto casino platforms in 2026 including Spartans, BitStarz, Lucky Rebel, and Thunderpick, featuring instant payouts, thousands of games, and high-stakes rewards.","181","1132","","0","0","Indexable",""
"https://coinlineup.com/link-price-analysis-doge-holds-0-21-blockdag-300-dapps-pre-listing/","1","Discover why Chainlink’s stalling as Dogecoin defends $0.21. Find out all about how BlockDAG has shocked the crypto space by building 300+ dApps before its first exchange listing.","179","1112","","0","0","Indexable",""
"https://coinlineup.com/link-price-analysis-doge-holds-0-21-blockdag-300-dapps-pre-listing-2/","1","Discover why Chainlink’s stalling as Dogecoin defends $0.21. Find out all about how BlockDAG has shocked the crypto space by building 300+ dApps before its first exchange listing.","179","1112","","0","0","Indexable",""
"https://coinlineup.com/blockdag-s-batch-4-offers-0-0000061-entry-as-bnb-and-pepe-slide-why-this-95x-opportunity-beats-the-market-2/","1","Explore how BlockDAG's new price offers 95x potential while BNB and Pepe struggle. Grab this low entry as trading begins on global exchanges soon.","146","919","","0","0","Indexable",""
"https://coinlineup.com/blockdag-s-batch-4-offers-0-0000061-entry-as-bnb-and-pepe-slide-why-this-95x-opportunity-beats-the-market/","1","Explore how BlockDAG's new price offers 95x potential while BNB and Pepe struggle. Grab this low entry as trading begins on global exchanges soon.","146","919","","0","0","Indexable",""
"https://coinlineup.com/blockdag-s-limited-time-0-0000061-entry-delivers-a-95x-roi-pi-network-deals-with-pressure-and-shib-price-stays-flat/","1","Explore how the Pi Network price today and the Shiba Inu coin price trends shift. Discover how to get BlockDAG at $0.0000061 as the best crypto to buy before launch.","165","1026","","0","0","Indexable",""
"https://coinlineup.com/blockdag-s-limited-time-0-0000061-entry-delivers-a-95x-roi-pi-network-deals-with-pressure-and-shib-price-stays-flat-2/","1","Explore how the Pi Network price today and the Shiba Inu coin price trends shift. Discover how to get BlockDAG at $0.0000061 as the best crypto to buy before launch.","165","1026","","0","0","Indexable",""
"https://coinlineup.com/top-online-bitcoin-casinos-for-serious-bettors-spartans-casinobet-bc-game-and-betplay/","1","Explore Spartans, Casinobet, BC.Game, and Betplay the best online bitcoin casinos offering top games, fast payouts, and thrilling rewards built for every crypto player.","168","1023","","0","0","Indexable",""
"https://coinlineup.com/top-online-bitcoin-casinos-for-serious-bettors-spartans-casinobet-bc-game-and-betplay-2/","1","Explore Spartans, Casinobet, BC.Game, and Betplay the best online bitcoin casinos offering top games, fast payouts, and thrilling rewards built for every crypto player.","168","1023","","0","0","Indexable",""
"https://coinlineup.com/bitcoin-65k-support-bullish-market/","1","Explore the emerging trends in cryptocurrency for 2024, including regulatory changes, technological advancements, and market predictions.","137","862","","0","0","Indexable",""
"https://coinlineup.com/altcoins-rising-prices-market-dynamics/","1","Explore the emerging trends in cryptocurrency for 2024, including regulatory changes, technological advancements, and market predictions.","137","862","","0","0","Indexable",""
"https://coinlineup.com/iota-bullish-rebased-upgrade-breakout/","1","Explore the emerging trends in cryptocurrency for 2024, including regulatory changes, technological advancements, and market predictions.","137","862","","0","0","Indexable",""
"https://coinlineup.com/top-cryptos-to-join-in-june-2025-arctic-pablo-coin-pepe-spx6900-take-the-spotlight-2/","1","Explore the top cryptos to join in June 2025, including Arctic Pablo Coin's $0.00042 presale, Pepe's breakout, and SPX6900's Solana-powered rally.","146","900","","0","0","Indexable",""
"https://coinlineup.com/top-cryptos-to-join-in-june-2025-arctic-pablo-coin-pepe-spx6900-take-the-spotlight/","1","Explore the top cryptos to join in June 2025, including Arctic Pablo Coin's $0.00042 presale, Pepe's breakout, and SPX6900's Solana-powered rally.","146","900","","0","0","Indexable",""
"https://coinlineup.com/which-is-the-best-crypto-to-buy-now-blockdag-s-0-0000061-entry-leads-over-bitcoin-cash-avalanche-and-sui-2/","1","Explore why BlockDAG is the best crypto to buy now. Learn how its new pricing phase and 95x potential outpace Bitcoin Cash, Avalanche, and Sui today.","149","939","","0","0","Indexable",""
"https://coinlineup.com/which-is-the-best-crypto-to-buy-now-blockdag-s-0-0000061-entry-leads-over-bitcoin-cash-avalanche-and-sui/","1","Explore why BlockDAG is the best crypto to buy now. Learn how its new pricing phase and 95x potential outpace Bitcoin Cash, Avalanche, and Sui today.","149","939","","0","0","Indexable",""
"https://coinlineup.com/qubetics-and-hedera-lead-sub-1-blockchain-momentum-while-sui-scales-past-1-in-2025/","1","Explore why Qubetics and Hedera are the best crypto under $1 while SUI powers ahead in Layer 1 growth. Enterprise utility leads the way.","136","845","","0","0","Indexable",""
"https://coinlineup.com/qubetics-and-hedera-lead-sub-1-blockchain-momentum-while-sui-scales-past-1-in-2025-2/","1","Explore why Qubetics and Hedera are the best crypto under $1 while SUI powers ahead in Layer 1 growth. Enterprise utility leads the way.","136","845","","0","0","Indexable",""
"https://coinlineup.com/blockdag-debuts-on-bifinance-grab-0-0000061-entry-while-xrp-price-prediction-stalls-and-cardano-hits-support/","1","Maximize your portfolio with BlockDAG's $0.0000061 entry before trading begins. Explore the latest XRP price prediction & Cardano price prediction trends today.","160","994","","0","0","Indexable",""
"https://coinlineup.com/blockdag-debuts-on-bifinance-grab-0-0000061-entry-while-xrp-price-prediction-stalls-and-cardano-hits-support-2/","1","Maximize your portfolio with BlockDAG's $0.0000061 entry before trading begins. Explore the latest XRP price prediction & Cardano price prediction trends today.","160","994","","0","0","Indexable",""
"https://coinlineup.com/zero-knowledge-proofs-phase-ii-is-coming-190m-daily-supply-and-burn-mechanics-ahead/","1","Meta Description","16","105","","0","0","Indexable",""
"https://coinlineup.com/best-crypto-for-the-future-zero-knowledge-proof-5000x-potential-while-filecoin-ethereum-icp-took-different-paths/","1","Meta Description","16","105","","0","0","Indexable",""
"https://coinlineup.com/moodys-recession-warning-bitcoin-2026/","2","Moody's recession warning is lifting attention on Bitcoin in 2026. Here is what the macro signal, price action, and analyst views mean now.","139","850","Moody's recession warning is lifting attention on Bitcoin in 2026. Here is what the macro signal, price action, and analyst views mean now.","139","850","Indexable",""
"https://coinlineup.com/ripple-prime-hyperliquid-hip-3-institutional-on-chain-perpetual-contracts/","1","Ripple Prime has integrated Hyperliquid's HIP-3 protocol, giving institutional clients access to on-chain perpetual contracts for traditional assets via a regulated crypto prime broker.","185","1106","","0","0","Indexable",""
"https://coinlineup.com/ripple-prime-hyperliquid-hip-3-institutional-on-chain-perpetual-contracts-2/","1","Ripple Prime has integrated Hyperliquid's HIP-3 protocol, giving institutional clients access to on-chain perpetual contracts for traditional assets via a regulated crypto prime broker.","185","1106","","0","0","Indexable",""
"https://coinlineup.com/blockdag-presale-reaches-final-days-1566-possible-gains-while-xrp-and-chainlink-move-sideways-2/","1","Secure a 1,566% ROI with BlockDAG before the January 26 cutoff. Find out why BDAG's $0.003 presale entry is surpassing Chainlink and XRP as top crypto now.","155","990","","0","0","Indexable",""
"https://coinlineup.com/blockdag-presale-reaches-final-days-1566-possible-gains-while-xrp-and-chainlink-move-sideways/","1","Secure a 1,566% ROI with BlockDAG before the January 26 cutoff. Find out why BDAG's $0.003 presale entry is surpassing Chainlink and XRP as top crypto now.","155","990","","0","0","Indexable",""
"https://coinlineup.com/ena-at-0-75-hbar-below-0-30-blockdag-s-bwt-alpine-f1-team-plan-ranks-it-a-top-crypto-to-buy-today/","1","See how Ethena slips and Hedera stalls, while BlockDAG’s $415M+ presale and BWT Alpine Formula 1® Team activations, simulators, hackathons, and more, make it the top crypto to buy today.","186","1187","","0","0","Indexable",""
"https://coinlineup.com/ena-at-075-hbar-below-030-blockdags-bwt-alpine-f1-team-plan-ranks-it-a-top-crypto-to-buy-today/","1","See how Ethena slips and Hedera stalls, while BlockDAG’s $415M+ presale and BWT Alpine Formula 1® Team activations, simulators, hackathons, and more, make it the top crypto to buy today.","186","1187","","0","0","Indexable",""
"https://coinlineup.com/zkps-ongoing-presale-auction-5m-reward-turns-heads-as-solana-and-dogecoin-show-mixed-signals/","1","See how Solana and Dogecoin show mixed signals as ZKP runs a live presale auction with a $5M reward campaign, highlighting shifting crypto focus for 2026.","154","974","","0","0","Indexable",""
"https://coinlineup.com/zkps-ongoing-presale-auction-5m-reward-turns-heads-as-solana-and-dogecoin-show-mixed-signals-2/","1","See how Solana and Dogecoin show mixed signals as ZKP runs a live presale auction with a $5M reward campaign, highlighting shifting crypto focus for 2026.","154","974","","0","0","Indexable",""
"https://coinlineup.com/spartans-casino-launches-massive-7-million-leaderboard-while-stake-bleeds-players-and-shuffle-chases-airdrops/","1","Stake is losing players. Shuffle pays in volatile tokens. Roobet settles weekly. Spartans Casino just launched a $7,000,000 leaderboard with instant cash rewards and 33% CashRake on every single bet.","199","1232","","0","0","Indexable",""
"https://coinlineup.com/spartans-casino-launches-massive-7-million-leaderboard-while-stake-bleeds-players-and-shuffle-chases-airdrops-2/","1","Stake is losing players. Shuffle pays in volatile tokens. Roobet settles weekly. Spartans Casino just launched a $7,000,000 leaderboard with instant cash rewards and 33% CashRake on every single bet.","199","1232","","0","0","Indexable",""
"https://coinlineup.com/ethereum-foundation-selling-eth-after-70000-staking-signal/","2","The Ethereum Foundation is under scrutiny after signaling 70,000 coins for staking while continuing ETH sales, raising fresh questions about treasury messaging and market trust.","177","1102","The Ethereum Foundation is under scrutiny after signaling 70,000 coins for staking while continuing ETH sales, raising fresh questions about treasury messaging and market trust.","177","1102","Indexable",""
"https://coinlineup.com/zero-knowledge-proof-zkp-the-100m-self-funded-privacy-blockchain-now-turning-heads-across-crypto-2/","1","Zero Knowledge Proof (ZKP) put $100M into building systems before launch. Live presale auction releases 200M coins daily. Privacy-focused AI blockchain now runs actively.","170","1069","","0","0","Indexable",""
"https://coinlineup.com/zero-knowledge-proof-zkp-the-100m-self-funded-privacy-blockchain-now-turning-heads-across-crypto/","1","Zero Knowledge Proof (ZKP) put $100M into building systems before launch. Live presale auction releases 200M coins daily. Privacy-focused AI blockchain now runs actively.","170","1069","","0","0","Indexable",""
