URL,Type,Status Code,Replacement URL,Priority,Decision Confidence,GSC Indexing Blocker,Notes,Implementation Notes
https://theccpress.com/3-top-meme-coins-to-buy-now-dragoins-0-0000292-public-sale-leads-the-charge/amp/,amp,,https://theccpress.com/3-top-meme-coins-to-buy-now-dragoins-0-0000292-public-sale-leads-the-charge/,Critical,High,Đã thu thập dữ liệu – hiện chưa được lập chỉ mục,Duplicate or variant URL pattern | Đã thu thập dữ liệu – hiện chưa được lập chỉ mục,301 AMP variant to canonical non-AMP URL and remove AMP URLs from sitemaps.
https://theccpress.com/5-best-altcoins-to-buy-now-in-2025-for-50x-returns-web3ai-leads-the-list/amp/,amp,,https://theccpress.com/5-best-altcoins-to-buy-now-in-2025-for-50x-returns-web3ai-leads-the-list/,Critical,High,,Duplicate or variant URL pattern,301 AMP variant to canonical non-AMP URL and remove AMP URLs from sitemaps.
https://theccpress.com/aave-aave-updates-cardano-ada-bullish-trends-cold-wallet-top-trending-crypto-for-2025/amp/,amp,,https://theccpress.com/aave-aave-updates-cardano-ada-bullish-trends-cold-wallet-top-trending-crypto-for-2025/,Critical,High,Đã thu thập dữ liệu – hiện chưa được lập chỉ mục,Duplicate or variant URL pattern | Đã thu thập dữ liệu – hiện chưa được lập chỉ mục,301 AMP variant to canonical non-AMP URL and remove AMP URLs from sitemaps.
https://theccpress.com/aave-staking-module-buybacks/amp/,amp,,https://theccpress.com/aave-staking-module-buybacks/,Critical,High,Đã thu thập dữ liệu – hiện chưa được lập chỉ mục,Duplicate or variant URL pattern | Đã thu thập dữ liệu – hiện chưa được lập chỉ mục,301 AMP variant to canonical non-AMP URL and remove AMP URLs from sitemaps.
https://theccpress.com/ada-blockdags-beta-testnet-debuts/amp/,amp,,https://theccpress.com/ada-blockdags-beta-testnet-debuts/,Critical,High,,Duplicate or variant URL pattern,301 AMP variant to canonical non-AMP URL and remove AMP URLs from sitemaps.
https://theccpress.com/american-banking-giant-pnc-joins-ripples-blockchain-payment-network/amp/,amp,,https://theccpress.com/american-banking-giant-pnc-joins-ripples-blockchain-payment-network/,Critical,High,Đã thu thập dữ liệu – hiện chưa được lập chỉ mục,Duplicate or variant URL pattern | Đã thu thập dữ liệu – hiện chưa được lập chỉ mục,301 AMP variant to canonical non-AMP URL and remove AMP URLs from sitemaps.
https://theccpress.com/aptos-left-you-watching-from-the-sidelines-qubetics-might-be-one-of-the-best-cryptos-to-buy-this-month/amp/,amp,,https://theccpress.com/aptos-left-you-watching-from-the-sidelines-qubetics-might-be-one-of-the-best-cryptos-to-buy-this-month/,Critical,High,Đã thu thập dữ liệu – hiện chưa được lập chỉ mục,Duplicate or variant URL pattern | Đã thu thập dữ liệu – hiện chưa được lập chỉ mục,301 AMP variant to canonical non-AMP URL and remove AMP URLs from sitemaps.
https://theccpress.com/arbismart-review-the-whole-truth/amp/,amp,,https://theccpress.com/arbismart-review-the-whole-truth/,Critical,High,,Duplicate or variant URL pattern,301 AMP variant to canonical non-AMP URL and remove AMP URLs from sitemaps.
https://theccpress.com/arctic-pablo-coin-presale-a-prime-opportunity-in-top-meme-coins-to-invest/amp/,amp,,https://theccpress.com/arctic-pablo-coin-presale-a-prime-opportunity-in-top-meme-coins-to-invest/,Critical,High,Đã thu thập dữ liệu – hiện chưa được lập chỉ mục,Duplicate or variant URL pattern | Đã thu thập dữ liệu – hiện chưa được lập chỉ mục,301 AMP variant to canonical non-AMP URL and remove AMP URLs from sitemaps.
https://theccpress.com/arctic-pablo-coin-shines-in-the-best-new-meme-coins-for-massive-return-potential-alongside-neiro-coin-and-dogecoin/amp/,amp,,https://theccpress.com/arctic-pablo-coin-shines-in-the-best-new-meme-coins-for-massive-return-potential-alongside-neiro-coin-and-dogecoin/,Critical,High,,Duplicate or variant URL pattern,301 AMP variant to canonical non-AMP URL and remove AMP URLs from sitemaps.
https://theccpress.com/arthur-hayes-bitcoin-forecast-2025/amp/,amp,,https://theccpress.com/arthur-hayes-bitcoin-forecast-2025/,Critical,High,Đã thu thập dữ liệu – hiện chưa được lập chỉ mục,Duplicate or variant URL pattern | Đã thu thập dữ liệu – hiện chưa được lập chỉ mục,301 AMP variant to canonical non-AMP URL and remove AMP URLs from sitemaps.
https://theccpress.com/attorney-sues-dhs-satoshi-nakamoto-identity/amp/,amp,,https://theccpress.com/attorney-sues-dhs-satoshi-nakamoto-identity/,Critical,High,Đã thu thập dữ liệu – hiện chưa được lập chỉ mục,Duplicate or variant URL pattern | Đã thu thập dữ liệu – hiện chưa được lập chỉ mục,301 AMP variant to canonical non-AMP URL and remove AMP URLs from sitemaps.
https://theccpress.com/attorney-sues-dhs-satoshi-nakamoto/amp/,amp,,https://theccpress.com/attorney-sues-dhs-satoshi-nakamoto/,Critical,High,Đã thu thập dữ liệu – hiện chưa được lập chỉ mục,Duplicate or variant URL pattern | Đã thu thập dữ liệu – hiện chưa được lập chỉ mục,301 AMP variant to canonical non-AMP URL and remove AMP URLs from sitemaps.
https://theccpress.com/bdag-testnet-0-0025-window-doge-resists-polygon-expands/amp/,amp,,https://theccpress.com/bdag-testnet-0-0025-window-doge-resists-polygon-expands/,Critical,High,Đã thu thập dữ liệu – hiện chưa được lập chỉ mục,Duplicate or variant URL pattern | Đã thu thập dữ liệu – hiện chưa được lập chỉ mục,301 AMP variant to canonical non-AMP URL and remove AMP URLs from sitemaps.
https://theccpress.com/bdag-vs-cosmos-algorand-keynote-3-shows-why-execution-matters-in-layer-1-blockchain-projects/amp/,amp,,https://theccpress.com/bdag-vs-cosmos-algorand-keynote-3-shows-why-execution-matters-in-layer-1-blockchain-projects/,Critical,High,Đã thu thập dữ liệu – hiện chưa được lập chỉ mục,Duplicate or variant URL pattern | Đã thu thập dữ liệu – hiện chưa được lập chỉ mục,301 AMP variant to canonical non-AMP URL and remove AMP URLs from sitemaps.
https://theccpress.com/best-altcoins-to-buy-in-march-2025-qubetics-story-ip-and-solana/amp/,amp,,https://theccpress.com/best-altcoins-to-buy-in-march-2025-qubetics-story-ip-and-solana/,Critical,High,,Duplicate or variant URL pattern,301 AMP variant to canonical non-AMP URL and remove AMP URLs from sitemaps.
https://theccpress.com/best-crypto-for-2025-web3-ais-0-0003-token-could-deliver-1747-roi/amp/,amp,,https://theccpress.com/best-crypto-for-2025-web3-ais-0-0003-token-could-deliver-1747-roi/,Critical,High,,Duplicate or variant URL pattern,301 AMP variant to canonical non-AMP URL and remove AMP URLs from sitemaps.
https://theccpress.com/best-crypto-presale-to-buy-for-2025-qubetics-litecoin-and-gala-compared/amp/,amp,,https://theccpress.com/best-crypto-presale-to-buy-for-2025-qubetics-litecoin-and-gala-compared/,Critical,High,,Duplicate or variant URL pattern,301 AMP variant to canonical non-AMP URL and remove AMP URLs from sitemaps.
https://theccpress.com/best-cryptos-to-buy-now-qubetics-stellar-and-tezos-compared-for-2025/amp/,amp,,https://theccpress.com/best-cryptos-to-buy-now-qubetics-stellar-and-tezos-compared-for-2025/,Critical,High,,Duplicate or variant URL pattern,301 AMP variant to canonical non-AMP URL and remove AMP URLs from sitemaps.
https://theccpress.com/best-meme-coins-to-join-now-arctic-pablo-coin-broccoli-and-tst/amp/,amp,,https://theccpress.com/best-meme-coins-to-join-now-arctic-pablo-coin-broccoli-and-tst/,Critical,High,Đã thu thập dữ liệu – hiện chưa được lập chỉ mục,Duplicate or variant URL pattern | Đã thu thập dữ liệu – hiện chưa được lập chỉ mục,301 AMP variant to canonical non-AMP URL and remove AMP URLs from sitemaps.
https://theccpress.com/best-mining-motherboard/amp/,amp,,https://theccpress.com/best-mining-motherboard/,Critical,High,Đã thu thập dữ liệu – hiện chưa được lập chỉ mục,Duplicate or variant URL pattern | Đã thu thập dữ liệu – hiện chưa được lập chỉ mục,301 AMP variant to canonical non-AMP URL and remove AMP URLs from sitemaps.
https://theccpress.com/best-new-meme-coins-to-buy-this-week-arctic-pablo-ai-prophecy-pepe-coin/amp/,amp,,https://theccpress.com/best-new-meme-coins-to-buy-this-week-arctic-pablo-ai-prophecy-pepe-coin/,Critical,High,Đã thu thập dữ liệu – hiện chưa được lập chỉ mục,Duplicate or variant URL pattern | Đã thu thập dữ liệu – hiện chưa được lập chỉ mục,301 AMP variant to canonical non-AMP URL and remove AMP URLs from sitemaps.
https://theccpress.com/best-ways-to-buy-bitcoin-anonymously-without-id-cc/amp/,amp,,https://theccpress.com/best-ways-to-buy-bitcoin-anonymously-without-id-cc/,Critical,High,Đã thu thập dữ liệu – hiện chưa được lập chỉ mục,Duplicate or variant URL pattern | Đã thu thập dữ liệu – hiện chưa được lập chỉ mục,301 AMP variant to canonical non-AMP URL and remove AMP URLs from sitemaps.
https://theccpress.com/binance-employee-profits-uuu-trading/amp/,amp,,https://theccpress.com/binance-employee-profits-uuu-trading/,Critical,High,Đã thu thập dữ liệu – hiện chưa được lập chỉ mục,Duplicate or variant URL pattern | Đã thu thập dữ liệu – hiện chưa được lập chỉ mục,301 AMP variant to canonical non-AMP URL and remove AMP URLs from sitemaps.
https://theccpress.com/binance-has-issued-a-termination-of-service-notice-to-its-iranian-clients/amp/,amp,,https://theccpress.com/binance-has-issued-a-termination-of-service-notice-to-its-iranian-clients/,Critical,High,Đã thu thập dữ liệu – hiện chưa được lập chỉ mục,Duplicate or variant URL pattern | Đã thu thập dữ liệu – hiện chưa được lập chỉ mục,301 AMP variant to canonical non-AMP URL and remove AMP URLs from sitemaps.
https://theccpress.com/binance-new-perpetual-contracts-2025/amp/,amp,,https://theccpress.com/binance-new-perpetual-contracts-2025/,Critical,High,Đã thu thập dữ liệu – hiện chưa được lập chỉ mục,Duplicate or variant URL pattern | Đã thu thập dữ liệu – hiện chưa được lập chỉ mục,301 AMP variant to canonical non-AMP URL and remove AMP URLs from sitemaps.
https://theccpress.com/binance-new-usdc-trading-pairs/amp/,amp,,https://theccpress.com/binance-new-usdc-trading-pairs/,Critical,High,Đã thu thập dữ liệu – hiện chưa được lập chỉ mục,Duplicate or variant URL pattern | Đã thu thập dữ liệu – hiện chưa được lập chỉ mục,301 AMP variant to canonical non-AMP URL and remove AMP URLs from sitemaps.
https://theccpress.com/binance-removes-leveraged-pairs-march-25/amp/,amp,,https://theccpress.com/binance-removes-leveraged-pairs-march-25/,Critical,High,Đã thu thập dữ liệu – hiện chưa được lập chỉ mục,Duplicate or variant URL pattern | Đã thu thập dữ liệu – hiện chưa được lập chỉ mục,301 AMP variant to canonical non-AMP URL and remove AMP URLs from sitemaps.
https://theccpress.com/bitcoin-drops-below-80k-market-impact/amp/,amp,,https://theccpress.com/bitcoin-drops-below-80k-market-impact/,Critical,High,Đã thu thập dữ liệu – hiện chưa được lập chỉ mục,Duplicate or variant URL pattern | Đã thu thập dữ liệu – hiện chưa được lập chỉ mục,301 AMP variant to canonical non-AMP URL and remove AMP URLs from sitemaps.
https://theccpress.com/bitcoin-future-price-hayes-prediction/amp/,amp,,https://theccpress.com/bitcoin-future-price-hayes-prediction/,Critical,High,Đã thu thập dữ liệu – hiện chưa được lập chỉ mục,Duplicate or variant URL pattern | Đã thu thập dữ liệu – hiện chưa được lập chỉ mục,301 AMP variant to canonical non-AMP URL and remove AMP URLs from sitemaps.
https://theccpress.com/bitflyer-crypto-exchange-adds-new-altcoins-on-their-buy-sell-platform/amp/,amp,,https://theccpress.com/bitflyer-crypto-exchange-adds-new-altcoins-on-their-buy-sell-platform/,Critical,High,Đã thu thập dữ liệu – hiện chưa được lập chỉ mục,Duplicate or variant URL pattern | Đã thu thập dữ liệu – hiện chưa được lập chỉ mục,301 AMP variant to canonical non-AMP URL and remove AMP URLs from sitemaps.
https://theccpress.com/blackrock-crypto-uk-approval-unverified/amp/,amp,,https://theccpress.com/blackrock-crypto-uk-approval-unverified/,Critical,High,Đã thu thập dữ liệu – hiện chưa được lập chỉ mục,Duplicate or variant URL pattern | Đã thu thập dữ liệu – hiện chưa được lập chỉ mục,301 AMP variant to canonical non-AMP URL and remove AMP URLs from sitemaps.
https://theccpress.com/blockdag-keynote-3-216m-raised-testnet-and-x1-app-explained-progress-or-just-smart-timing/amp/,amp,,https://theccpress.com/blockdag-keynote-3-216m-raised-testnet-and-x1-app-explained-progress-or-just-smart-timing/,Critical,High,Đã thu thập dữ liệu – hiện chưa được lập chỉ mục,Duplicate or variant URL pattern | Đã thu thập dữ liệu – hiện chưa được lập chỉ mục,301 AMP variant to canonical non-AMP URL and remove AMP URLs from sitemaps.
https://theccpress.com/blockdag-keynote-3-why-experts-say-its-the-most-secure-chain-in-web3/amp/,amp,,https://theccpress.com/blockdag-keynote-3-why-experts-say-its-the-most-secure-chain-in-web3/,Critical,High,Đã thu thập dữ liệu – hiện chưa được lập chỉ mục,Duplicate or variant URL pattern | Đã thu thập dữ liệu – hiện chưa được lập chỉ mục,301 AMP variant to canonical non-AMP URL and remove AMP URLs from sitemaps.
https://theccpress.com/blockdag-raises-5m-in-48-hours-keynote-3-triggers-massive-fomo/amp/,amp,,https://theccpress.com/blockdag-raises-5m-in-48-hours-keynote-3-triggers-massive-fomo/,Critical,High,,Duplicate or variant URL pattern,301 AMP variant to canonical non-AMP URL and remove AMP URLs from sitemaps.
https://theccpress.com/blockdag-rewards-buyers-with-150-bonus-shib-burns-1b-tokens-polkadot-activity-grows/amp/,amp,,https://theccpress.com/blockdag-rewards-buyers-with-150-bonus-shib-burns-1b-tokens-polkadot-activity-grows/,Critical,High,Đã thu thập dữ liệu – hiện chưa được lập chỉ mục,Duplicate or variant URL pattern | Đã thu thập dữ liệu – hiện chưa được lập chỉ mục,301 AMP variant to canonical non-AMP URL and remove AMP URLs from sitemaps.
https://theccpress.com/blockdag-rises-as-xrp-gains-etf-ground-cardano-drops/amp/,amp,,https://theccpress.com/blockdag-rises-as-xrp-gains-etf-ground-cardano-drops/,Critical,High,Đã thu thập dữ liệu – hiện chưa được lập chỉ mục,Duplicate or variant URL pattern | Đã thu thập dữ liệu – hiện chưa được lập chỉ mục,301 AMP variant to canonical non-AMP URL and remove AMP URLs from sitemaps.
https://theccpress.com/blockdag-soars-decentraland-bounces-back-solana-gathers-momentum/amp/,amp,,https://theccpress.com/blockdag-soars-decentraland-bounces-back-solana-gathers-momentum/,Critical,High,,Duplicate or variant URL pattern,301 AMP variant to canonical non-AMP URL and remove AMP URLs from sitemaps.
https://theccpress.com/blockdag-vs-icp-bitget-whale-surge-testnet-wins-and-210m-presale-momentum/amp/,amp,,https://theccpress.com/blockdag-vs-icp-bitget-whale-surge-testnet-wins-and-210m-presale-momentum/,Critical,High,,Duplicate or variant URL pattern,301 AMP variant to canonical non-AMP URL and remove AMP URLs from sitemaps.
https://theccpress.com/blockdags-600-bonus-overshadows-doge-and-shib-rally/amp/,amp,,https://theccpress.com/blockdags-600-bonus-overshadows-doge-and-shib-rally/,Critical,High,,Duplicate or variant URL pattern,301 AMP variant to canonical non-AMP URL and remove AMP URLs from sitemaps.
https://theccpress.com/blockdags-keynote-3-stands-out-beating-chainlink-polkadot-in-q1-2025/amp/,amp,,https://theccpress.com/blockdags-keynote-3-stands-out-beating-chainlink-polkadot-in-q1-2025/,Critical,High,Đã thu thập dữ liệu – hiện chưa được lập chỉ mục,Duplicate or variant URL pattern | Đã thu thập dữ liệu – hiện chưa được lập chỉ mục,301 AMP variant to canonical non-AMP URL and remove AMP URLs from sitemaps.
https://theccpress.com/bonk-ai-companions-and-this-upcoming-meme-coin-presale-that-could-100x-in-2025/amp/,amp,,https://theccpress.com/bonk-ai-companions-and-this-upcoming-meme-coin-presale-that-could-100x-in-2025/,Critical,High,Đã thu thập dữ liệu – hiện chưa được lập chỉ mục,Duplicate or variant URL pattern | Đã thu thập dữ liệu – hiện chưa được lập chỉ mục,301 AMP variant to canonical non-AMP URL and remove AMP URLs from sitemaps.
https://theccpress.com/cardano-foundation-veridian-wallet-launch/amp/,amp,,https://theccpress.com/cardano-foundation-veridian-wallet-launch/,Critical,High,Đã thu thập dữ liệu – hiện chưa được lập chỉ mục,Duplicate or variant URL pattern | Đã thu thập dữ liệu – hiện chưa được lập chỉ mục,301 AMP variant to canonical non-AMP URL and remove AMP URLs from sitemaps.
https://theccpress.com/cardano-price-target-milestone-investment/amp/,amp,,https://theccpress.com/cardano-price-target-milestone-investment/,Critical,High,Đã thu thập dữ liệu – hiện chưa được lập chỉ mục,Duplicate or variant URL pattern | Đã thu thập dữ liệu – hiện chưa được lập chỉ mục,301 AMP variant to canonical non-AMP URL and remove AMP URLs from sitemaps.
https://theccpress.com/chaincatcher-dex-onchain-wallet-discussion/amp/,amp,,https://theccpress.com/chaincatcher-dex-onchain-wallet-discussion/,Critical,High,Đã thu thập dữ liệu – hiện chưa được lập chỉ mục,Duplicate or variant URL pattern | Đã thu thập dữ liệu – hiện chưa được lập chỉ mục,301 AMP variant to canonical non-AMP URL and remove AMP URLs from sitemaps.
https://theccpress.com/circle-decentralized-refund-protocol-stablecoins/amp/,amp,,https://theccpress.com/circle-decentralized-refund-protocol-stablecoins/,Critical,High,Đã thu thập dữ liệu – hiện chưa được lập chỉ mục,Duplicate or variant URL pattern | Đã thu thập dữ liệu – hiện chưa được lập chỉ mục,301 AMP variant to canonical non-AMP URL and remove AMP URLs from sitemaps.
https://theccpress.com/clarity-act-digital-assets-cftc/amp/,amp,,https://theccpress.com/clarity-act-digital-assets-cftc/,Critical,High,Đã thu thập dữ liệu – hiện chưa được lập chỉ mục,Duplicate or variant URL pattern | Đã thu thập dữ liệu – hiện chưa được lập chỉ mục,301 AMP variant to canonical non-AMP URL and remove AMP URLs from sitemaps.
https://theccpress.com/coinbase-adds-freysa-fai-listing/amp/,amp,,https://theccpress.com/coinbase-adds-freysa-fai-listing/,Critical,High,Đã thu thập dữ liệu – hiện chưa được lập chỉ mục,Duplicate or variant URL pattern | Đã thu thập dữ liệu – hiện chưa được lập chỉ mục,301 AMP variant to canonical non-AMP URL and remove AMP URLs from sitemaps.
https://theccpress.com/coinbase-launches-akt-zec-well-contracts/amp/,amp,,https://theccpress.com/coinbase-launches-akt-zec-well-contracts/,Critical,High,Đã thu thập dữ liệu – hiện chưa được lập chỉ mục,Duplicate or variant URL pattern | Đã thu thập dữ liệu – hiện chưa được lập chỉ mục,301 AMP variant to canonical non-AMP URL and remove AMP URLs from sitemaps.
https://theccpress.com/congressman-secure-bitcoin-reserve/amp/,amp,,https://theccpress.com/congressman-secure-bitcoin-reserve/,Critical,High,Đã thu thập dữ liệu – hiện chưa được lập chỉ mục,Duplicate or variant URL pattern | Đã thu thập dữ liệu – hiện chưa được lập chỉ mục,301 AMP variant to canonical non-AMP URL and remove AMP URLs from sitemaps.
https://theccpress.com/crypto-com-announces-litecoin-ltc-listing-on-monaco-mco-wallet/amp/,amp,,https://theccpress.com/crypto-com-announces-litecoin-ltc-listing-on-monaco-mco-wallet/,Critical,High,,Duplicate or variant URL pattern,301 AMP variant to canonical non-AMP URL and remove AMP URLs from sitemaps.
https://theccpress.com/crypto-etf-shutdowns-expected-by-2027/amp/,amp,,https://theccpress.com/crypto-etf-shutdowns-expected-by-2027/,Critical,High,Đã thu thập dữ liệu – hiện chưa được lập chỉ mục,Duplicate or variant URL pattern | Đã thu thập dữ liệu – hiện chưa được lập chỉ mục,301 AMP variant to canonical non-AMP URL and remove AMP URLs from sitemaps.
https://theccpress.com/crypto-profits-not-taxable-in-south-korea-government-confirms/amp/,amp,,https://theccpress.com/crypto-profits-not-taxable-in-south-korea-government-confirms/,Critical,High,Đã thu thập dữ liệu – hiện chưa được lập chỉ mục,Duplicate or variant URL pattern | Đã thu thập dữ liệu – hiện chưa được lập chỉ mục,301 AMP variant to canonical non-AMP URL and remove AMP URLs from sitemaps.
https://theccpress.com/crypto-service-tipjar-to-cease-operations-in-2020-as-market-slows-down/amp/,amp,,https://theccpress.com/crypto-service-tipjar-to-cease-operations-in-2020-as-market-slows-down/,Critical,High,Đã thu thập dữ liệu – hiện chưa được lập chỉ mục,Duplicate or variant URL pattern | Đã thu thập dữ liệu – hiện chưa được lập chỉ mục,301 AMP variant to canonical non-AMP URL and remove AMP URLs from sitemaps.
https://theccpress.com/crypto-top-gainers-qubetics-xrp-algorand-price-surge-and-real-world-impact/amp/,amp,,https://theccpress.com/crypto-top-gainers-qubetics-xrp-algorand-price-surge-and-real-world-impact/,Critical,High,,Duplicate or variant URL pattern,301 AMP variant to canonical non-AMP URL and remove AMP URLs from sitemaps.
https://theccpress.com/cryptopanic-review-is-it-the-best-crypto-news-aggregator/?amp,amp,,https://theccpress.com/cryptopanic-review-is-it-the-best-crypto-news-aggregator/,Critical,High,,Duplicate or variant URL pattern,301 AMP variant to canonical non-AMP URL and remove AMP URLs from sitemaps.
https://theccpress.com/dash-has-launched-an-sms-based-cryptocurrency-transaction-service-for-venezuelan-users/amp/,amp,,https://theccpress.com/dash-has-launched-an-sms-based-cryptocurrency-transaction-service-for-venezuelan-users/,Critical,High,Đã thu thập dữ liệu – hiện chưa được lập chỉ mục,Duplicate or variant URL pattern | Đã thu thập dữ liệu – hiện chưa được lập chỉ mục,301 AMP variant to canonical non-AMP URL and remove AMP URLs from sitemaps.
https://theccpress.com/dish-added-a-new-cryptocurrency-payment-option-and-switched-to-bitpay/?amp,amp,,https://theccpress.com/dish-added-a-new-cryptocurrency-payment-option-and-switched-to-bitpay/,Critical,High,,Duplicate or variant URL pattern,301 AMP variant to canonical non-AMP URL and remove AMP URLs from sitemaps.
https://theccpress.com/dogecoin-foundation-launches-doge-reserve/amp/,amp,,https://theccpress.com/dogecoin-foundation-launches-doge-reserve/,Critical,High,Đã thu thập dữ liệu – hiện chưa được lập chỉ mục,Duplicate or variant URL pattern | Đã thu thập dữ liệu – hiện chưa được lập chỉ mục,301 AMP variant to canonical non-AMP URL and remove AMP URLs from sitemaps.
https://theccpress.com/dogecoin-price-surge-market-interest/amp/,amp,,https://theccpress.com/dogecoin-price-surge-market-interest/,Critical,High,Đã thu thập dữ liệu – hiện chưa được lập chỉ mục,Duplicate or variant URL pattern | Đã thu thập dữ liệu – hiện chưa được lập chỉ mục,301 AMP variant to canonical non-AMP URL and remove AMP URLs from sitemaps.
https://theccpress.com/dragoin-vs-gala-games-vs-render-token-earn-crypto-playing-games-with-telegrams-best-play-to-earn-platform/amp/,amp,,https://theccpress.com/dragoin-vs-gala-games-vs-render-token-earn-crypto-playing-games-with-telegrams-best-play-to-earn-platform/,Critical,High,,Duplicate or variant URL pattern,301 AMP variant to canonical non-AMP URL and remove AMP URLs from sitemaps.
https://theccpress.com/dragoins-6700-roi-telegram-game-roadmap-put-it-ahead-of-sui-xrp/amp/,amp,,https://theccpress.com/dragoins-6700-roi-telegram-game-roadmap-put-it-ahead-of-sui-xrp/,Critical,High,,Duplicate or variant URL pattern,301 AMP variant to canonical non-AMP URL and remove AMP URLs from sitemaps.
https://theccpress.com/eiopa-capital-requirement-crypto-insurance/amp/,amp,,https://theccpress.com/eiopa-capital-requirement-crypto-insurance/,Critical,High,Đã thu thập dữ liệu – hiện chưa được lập chỉ mục,Duplicate or variant URL pattern | Đã thu thập dữ liệu – hiện chưa được lập chỉ mục,301 AMP variant to canonical non-AMP URL and remove AMP URLs from sitemaps.
https://theccpress.com/elon-musk-us-europe-free-trade-zone/amp/,amp,,https://theccpress.com/elon-musk-us-europe-free-trade-zone/,Critical,High,Đã thu thập dữ liệu – hiện chưa được lập chỉ mục,Duplicate or variant URL pattern | Đã thu thập dữ liệu – hiện chưa được lập chỉ mục,301 AMP variant to canonical non-AMP URL and remove AMP URLs from sitemaps.
https://theccpress.com/ethena-securitize-launch-converge/amp/,amp,,https://theccpress.com/ethena-securitize-launch-converge/,Critical,High,Đã thu thập dữ liệu – hiện chưa được lập chỉ mục,Duplicate or variant URL pattern | Đã thu thập dữ liệu – hiện chưa được lập chỉ mục,301 AMP variant to canonical non-AMP URL and remove AMP URLs from sitemaps.
https://theccpress.com/ethereum-delays-pectra-mainnet-launch/amp/,amp,,https://theccpress.com/ethereum-delays-pectra-mainnet-launch/,Critical,High,Đã thu thập dữ liệu – hiện chưa được lập chỉ mục,Duplicate or variant URL pattern | Đã thu thập dữ liệu – hiện chưa được lập chỉ mục,301 AMP variant to canonical non-AMP URL and remove AMP URLs from sitemaps.
https://theccpress.com/filecoins-already-in-the-sky-but-qubetics-is-still-on-the-launchpad-and-one-of-the-best-cryptos-to-buy-this-month/amp/,amp,,https://theccpress.com/filecoins-already-in-the-sky-but-qubetics-is-still-on-the-launchpad-and-one-of-the-best-cryptos-to-buy-this-month/,Critical,High,Đã thu thập dữ liệu – hiện chưa được lập chỉ mục,Duplicate or variant URL pattern | Đã thu thập dữ liệu – hiện chưa được lập chỉ mục,301 AMP variant to canonical non-AMP URL and remove AMP URLs from sitemaps.
https://theccpress.com/galaxy-digital-fca-approval-expansion-uk/amp/,amp,,https://theccpress.com/galaxy-digital-fca-approval-expansion-uk/,Critical,High,Đã thu thập dữ liệu – hiện chưa được lập chỉ mục,Duplicate or variant URL pattern | Đã thu thập dữ liệu – hiện chưa được lập chỉ mục,301 AMP variant to canonical non-AMP URL and remove AMP URLs from sitemaps.
https://theccpress.com/galaxy-digital-fca-approval-uk-derivatives/amp/,amp,,https://theccpress.com/galaxy-digital-fca-approval-uk-derivatives/,Critical,High,Đã thu thập dữ liệu – hiện chưa được lập chỉ mục,Duplicate or variant URL pattern | Đã thu thập dữ liệu – hiện chưa được lập chỉ mục,301 AMP variant to canonical non-AMP URL and remove AMP URLs from sitemaps.
https://theccpress.com/galaxy-digital-fca-approval-uk-trading/amp/,amp,,https://theccpress.com/galaxy-digital-fca-approval-uk-trading/,Critical,High,Đã thu thập dữ liệu – hiện chưa được lập chỉ mục,Duplicate or variant URL pattern | Đã thu thập dữ liệu – hiện chưa được lập chỉ mục,301 AMP variant to canonical non-AMP URL and remove AMP URLs from sitemaps.
https://theccpress.com/galaxy-digital-fca-derivatives-license-uk/amp/,amp,,https://theccpress.com/galaxy-digital-fca-derivatives-license-uk/,Critical,High,Đã thu thập dữ liệu – hiện chưa được lập chỉ mục,Duplicate or variant URL pattern | Đã thu thập dữ liệu – hiện chưa được lập chỉ mục,301 AMP variant to canonical non-AMP URL and remove AMP URLs from sitemaps.
https://theccpress.com/hips-payment-group-launches-merchant-token-mto-a-cryptocurrency-that-will-bring-consumer-protection-to-blockchain-payments/amp/,amp,,https://theccpress.com/hips-payment-group-launches-merchant-token-mto-a-cryptocurrency-that-will-bring-consumer-protection-to-blockchain-payments/,Critical,High,Đã thu thập dữ liệu – hiện chưa được lập chỉ mục,Duplicate or variant URL pattern | Đã thu thập dữ liệu – hiện chưa được lập chỉ mục,301 AMP variant to canonical non-AMP URL and remove AMP URLs from sitemaps.
https://theccpress.com/how-to-open-a-bitcoin-wallet-account-on-bitcoinco-org/amp/,amp,,https://theccpress.com/how-to-open-a-bitcoin-wallet-account-on-bitcoinco-org/,Critical,High,Đã thu thập dữ liệu – hiện chưa được lập chỉ mục,Duplicate or variant URL pattern | Đã thu thập dữ liệu – hiện chưa được lập chỉ mục,301 AMP variant to canonical non-AMP URL and remove AMP URLs from sitemaps.
https://theccpress.com/how-to-sell-on-crypto-com/amp/,amp,,https://theccpress.com/how-to-sell-on-crypto-com/,Critical,High,Đã thu thập dữ liệu – hiện chưa được lập chỉ mục,Duplicate or variant URL pattern | Đã thu thập dữ liệu – hiện chưa được lập chỉ mục,301 AMP variant to canonical non-AMP URL and remove AMP URLs from sitemaps.
https://theccpress.com/in-one-day-a-15-years-old-teenager-earned-0-7-btc/amp/,amp,,https://theccpress.com/in-one-day-a-15-years-old-teenager-earned-0-7-btc/,Critical,High,Đã thu thập dữ liệu – hiện chưa được lập chỉ mục,Duplicate or variant URL pattern | Đã thu thập dữ liệu – hiện chưa được lập chỉ mục,301 AMP variant to canonical non-AMP URL and remove AMP URLs from sitemaps.
https://theccpress.com/investor-loses-3m-trump-token-sale/amp/,amp,,https://theccpress.com/investor-loses-3m-trump-token-sale/,Critical,High,Đã thu thập dữ liệu – hiện chưa được lập chỉ mục,Duplicate or variant URL pattern | Đã thu thập dữ liệu – hiện chưa được lập chỉ mục,301 AMP variant to canonical non-AMP URL and remove AMP URLs from sitemaps.
https://theccpress.com/iranian-hotels-support-cryptocurrency-as-a-measure-against-us-sanctions/amp/,amp,,https://theccpress.com/iranian-hotels-support-cryptocurrency-as-a-measure-against-us-sanctions/,Critical,High,Đã thu thập dữ liệu – hiện chưa được lập chỉ mục,Duplicate or variant URL pattern | Đã thu thập dữ liệu – hiện chưa được lập chỉ mục,301 AMP variant to canonical non-AMP URL and remove AMP URLs from sitemaps.
https://theccpress.com/is-dragoin-the-next-pepe-6700-roi-wait-traders-while-trump-dips-hype-surges/amp/,amp,,https://theccpress.com/is-dragoin-the-next-pepe-6700-roi-wait-traders-while-trump-dips-hype-surges/,Critical,High,Đã thu thập dữ liệu – hiện chưa được lập chỉ mục,Duplicate or variant URL pattern | Đã thu thập dữ liệu – hiện chưa được lập chỉ mục,301 AMP variant to canonical non-AMP URL and remove AMP URLs from sitemaps.
https://theccpress.com/japan-cryptocurrency-classification-financial-products/amp/,amp,,https://theccpress.com/japan-cryptocurrency-classification-financial-products/,Critical,High,Đã thu thập dữ liệu – hiện chưa được lập chỉ mục,Duplicate or variant URL pattern | Đã thu thập dữ liệu – hiện chưa được lập chỉ mục,301 AMP variant to canonical non-AMP URL and remove AMP URLs from sitemaps.
https://theccpress.com/kentucky-bitcoin-rights-act-enacted/amp/,amp,,https://theccpress.com/kentucky-bitcoin-rights-act-enacted/,Critical,High,Đã thu thập dữ liệu – hiện chưa được lập chỉ mục,Duplicate or variant URL pattern | Đã thu thập dữ liệu – hiện chưa được lập chỉ mục,301 AMP variant to canonical non-AMP URL and remove AMP URLs from sitemaps.
https://theccpress.com/kraken-acquires-ninjatrader-expansion/amp/,amp,,https://theccpress.com/kraken-acquires-ninjatrader-expansion/,Critical,High,Đã thu thập dữ liệu – hiện chưa được lập chỉ mục,Duplicate or variant URL pattern | Đã thu thập dữ liệu – hiện chưa được lập chỉ mục,301 AMP variant to canonical non-AMP URL and remove AMP URLs from sitemaps.
https://theccpress.com/ledger-nano-s-is-knocking-off-20-of-its-price/?amp,amp,,https://theccpress.com/ledger-nano-s-is-knocking-off-20-of-its-price/,Critical,High,,Duplicate or variant URL pattern,301 AMP variant to canonical non-AMP URL and remove AMP URLs from sitemaps.
https://theccpress.com/ledger-nano-s-is-knocking-off-20-of-its-price/amp/,amp,,https://theccpress.com/ledger-nano-s-is-knocking-off-20-of-its-price/,Critical,High,Đã thu thập dữ liệu – hiện chưa được lập chỉ mục,Duplicate or variant URL pattern | Đã thu thập dữ liệu – hiện chưa được lập chỉ mục,301 AMP variant to canonical non-AMP URL and remove AMP URLs from sitemaps.
https://theccpress.com/litecoin-ltc-vs-stellar-xlm-is-the-future-in-the-mining-or-in-the-printing-press/amp/,amp,,https://theccpress.com/litecoin-ltc-vs-stellar-xlm-is-the-future-in-the-mining-or-in-the-printing-press/,Critical,High,,Duplicate or variant URL pattern,301 AMP variant to canonical non-AMP URL and remove AMP URLs from sitemaps.
https://theccpress.com/london-block-exchange-reveals-new-partnership-with-web-service-provider/amp/,amp,,https://theccpress.com/london-block-exchange-reveals-new-partnership-with-web-service-provider/,Critical,High,Đã thu thập dữ liệu – hiện chưa được lập chỉ mục,Duplicate or variant URL pattern | Đã thu thập dữ liệu – hiện chưa được lập chỉ mục,301 AMP variant to canonical non-AMP URL and remove AMP URLs from sitemaps.
https://theccpress.com/mastercard-blockchain-payment-network-development/amp/,amp,,https://theccpress.com/mastercard-blockchain-payment-network-development/,Critical,High,Đã thu thập dữ liệu – hiện chưa được lập chỉ mục,Duplicate or variant URL pattern | Đã thu thập dữ liệu – hiện chưa được lập chỉ mục,301 AMP variant to canonical non-AMP URL and remove AMP URLs from sitemaps.
https://theccpress.com/matrixport-wallets-transfer-btc-binance/amp/,amp,,https://theccpress.com/matrixport-wallets-transfer-btc-binance/,Critical,High,Đã thu thập dữ liệu – hiện chưa được lập chỉ mục,Duplicate or variant URL pattern | Đã thu thập dữ liệu – hiện chưa được lập chỉ mục,301 AMP variant to canonical non-AMP URL and remove AMP URLs from sitemaps.
https://theccpress.com/melanias-13-surge-is-gone-now-btfds-2900-roi-setup-at-0-0002-makes-it-the-top-new-meme-coin-to-invest-in-for-short-term/amp/,amp,,https://theccpress.com/melanias-13-surge-is-gone-now-btfds-2900-roi-setup-at-0-0002-makes-it-the-top-new-meme-coin-to-invest-in-for-short-term/,Critical,High,,Duplicate or variant URL pattern,301 AMP variant to canonical non-AMP URL and remove AMP URLs from sitemaps.
https://theccpress.com/metaverse-real-estate-upcoming-housing-boom-in-virtual-worlds/amp/,amp,,https://theccpress.com/metaverse-real-estate-upcoming-housing-boom-in-virtual-worlds/,Critical,High,Đã thu thập dữ liệu – hiện chưa được lập chỉ mục,Duplicate or variant URL pattern | Đã thu thập dữ liệu – hiện chưa được lập chỉ mục,301 AMP variant to canonical non-AMP URL and remove AMP URLs from sitemaps.
https://theccpress.com/michael-saylor-bitcoin-mobile-integration/amp/,amp,,https://theccpress.com/michael-saylor-bitcoin-mobile-integration/,Critical,High,Đã thu thập dữ liệu – hiện chưa được lập chỉ mục,Duplicate or variant URL pattern | Đã thu thập dữ liệu – hiện chưa được lập chỉ mục,301 AMP variant to canonical non-AMP URL and remove AMP URLs from sitemaps.
https://theccpress.com/missed-mog-coin-dont-miss-this-upcoming-meme-coin-launching-soon-amid-wild-hype/amp/,amp,,https://theccpress.com/missed-mog-coin-dont-miss-this-upcoming-meme-coin-launching-soon-amid-wild-hype/,Critical,High,Đã thu thập dữ liệu – hiện chưa được lập chỉ mục,Duplicate or variant URL pattern | Đã thu thập dữ liệu – hiện chưa được lập chỉ mục,301 AMP variant to canonical non-AMP URL and remove AMP URLs from sitemaps.
https://theccpress.com/missed-the-hnt-boom-dont-worry-qubetics-is-the-among-the-next-top-cryptos-to-buy-for-2025/amp/,amp,,https://theccpress.com/missed-the-hnt-boom-dont-worry-qubetics-is-the-among-the-next-top-cryptos-to-buy-for-2025/,Critical,High,Đã thu thập dữ liệu – hiện chưa được lập chỉ mục,Duplicate or variant URL pattern | Đã thu thập dữ liệu – hiện chưa được lập chỉ mục,301 AMP variant to canonical non-AMP URL and remove AMP URLs from sitemaps.
https://theccpress.com/monero-xmr-beryllium-hard-fork-to-guarantee-anonymity-and-reduce-transaction-costs/amp/,amp,,https://theccpress.com/monero-xmr-beryllium-hard-fork-to-guarantee-anonymity-and-reduce-transaction-costs/,Critical,High,Đã thu thập dữ liệu – hiện chưa được lập chỉ mục,Duplicate or variant URL pattern | Đã thu thập dữ liệu – hiện chưa được lập chỉ mục,301 AMP variant to canonical non-AMP URL and remove AMP URLs from sitemaps.
https://theccpress.com/mt-gox-legal-adviser-gives-up/amp/,amp,,https://theccpress.com/mt-gox-legal-adviser-gives-up/,Critical,High,Đã thu thập dữ liệu – hiện chưa được lập chỉ mục,Duplicate or variant URL pattern | Đã thu thập dữ liệu – hiện chưa được lập chỉ mục,301 AMP variant to canonical non-AMP URL and remove AMP URLs from sitemaps.
https://theccpress.com/neotech-1m-revenue-web3-breakthrough/amp/,amp,,https://theccpress.com/neotech-1m-revenue-web3-breakthrough/,Critical,High,Đã thu thập dữ liệu – hiện chưa được lập chỉ mục,Duplicate or variant URL pattern | Đã thu thập dữ liệu – hiện chưa được lập chỉ mục,301 AMP variant to canonical non-AMP URL and remove AMP URLs from sitemaps.
https://theccpress.com/north-carolina-bitcoin-reserve-bill-investment/amp/,amp,,https://theccpress.com/north-carolina-bitcoin-reserve-bill-investment/,Critical,High,Đã thu thập dữ liệu – hiện chưa được lập chỉ mục,Duplicate or variant URL pattern | Đã thu thập dữ liệu – hiện chưa được lập chỉ mục,301 AMP variant to canonical non-AMP URL and remove AMP URLs from sitemaps.
https://theccpress.com/pepe-coin-already-mooned-arctic-pablo-could-be-next-among-the-top-new-meme-coins-to-invest-in-now/amp/,amp,,https://theccpress.com/pepe-coin-already-mooned-arctic-pablo-could-be-next-among-the-top-new-meme-coins-to-invest-in-now/,Critical,High,Đã thu thập dữ liệu – hiện chưa được lập chỉ mục,Duplicate or variant URL pattern | Đã thu thập dữ liệu – hiện chưa được lập chỉ mục,301 AMP variant to canonical non-AMP URL and remove AMP URLs from sitemaps.
https://theccpress.com/pi-holds-0-58-eth-at-1553-blockdag-hits-2000-tps-eyes-15k-scalability/amp/,amp,,https://theccpress.com/pi-holds-0-58-eth-at-1553-blockdag-hits-2000-tps-eyes-15k-scalability/,Critical,High,Đã thu thập dữ liệu – hiện chưa được lập chỉ mục,Duplicate or variant URL pattern | Đã thu thập dữ liệu – hiện chưa được lập chỉ mục,301 AMP variant to canonical non-AMP URL and remove AMP URLs from sitemaps.
https://theccpress.com/popular-budgeting-app-maker-money-forward-financial-inc-announce-plans-to-launch-crypto-exchange/amp/,amp,,https://theccpress.com/popular-budgeting-app-maker-money-forward-financial-inc-announce-plans-to-launch-crypto-exchange/,Critical,High,Đã thu thập dữ liệu – hiện chưa được lập chỉ mục,Duplicate or variant URL pattern | Đã thu thập dữ liệu – hiện chưa được lập chỉ mục,301 AMP variant to canonical non-AMP URL and remove AMP URLs from sitemaps.
https://theccpress.com/qtum-price-prediction/amp/,amp,,https://theccpress.com/qtum-price-prediction/,Critical,High,Đã thu thập dữ liệu – hiện chưa được lập chỉ mục,Duplicate or variant URL pattern | Đã thu thập dữ liệu – hiện chưa được lập chỉ mục,301 AMP variant to canonical non-AMP URL and remove AMP URLs from sitemaps.
https://theccpress.com/quantocoin-makes-history-as-it-acquires-football-club-using-crypto/amp/,amp,,https://theccpress.com/quantocoin-makes-history-as-it-acquires-football-club-using-crypto/,Critical,High,Đã thu thập dữ liệu – hiện chưa được lập chỉ mục,Duplicate or variant URL pattern | Đã thu thập dữ liệu – hiện chưa được lập chỉ mục,301 AMP variant to canonical non-AMP URL and remove AMP URLs from sitemaps.
https://theccpress.com/qubetics-delivers-cross-border-payments-top-coin-to-join-today-with-polygon-and-algorand/amp/,amp,,https://theccpress.com/qubetics-delivers-cross-border-payments-top-coin-to-join-today-with-polygon-and-algorand/,Critical,High,Đã thu thập dữ liệu – hiện chưa được lập chỉ mục,Duplicate or variant URL pattern | Đã thu thập dữ liệu – hiện chưa được lập chỉ mục,301 AMP variant to canonical non-AMP URL and remove AMP URLs from sitemaps.
https://theccpress.com/qubetics-top-crypto-presale-soars-compare-with-chainlink-monero/amp/,amp,,https://theccpress.com/qubetics-top-crypto-presale-soars-compare-with-chainlink-monero/,Critical,High,,Duplicate or variant URL pattern,301 AMP variant to canonical non-AMP URL and remove AMP URLs from sitemaps.
https://theccpress.com/quebec-changed-its-electricity-rates-for-crypto-miners/amp/,amp,,https://theccpress.com/quebec-changed-its-electricity-rates-for-crypto-miners/,Critical,High,Đã thu thập dữ liệu – hiện chưa được lập chỉ mục,Duplicate or variant URL pattern | Đã thu thập dữ liệu – hiện chưa được lập chỉ mục,301 AMP variant to canonical non-AMP URL and remove AMP URLs from sitemaps.
https://theccpress.com/rain-financing-24-million/amp/,amp,,https://theccpress.com/rain-financing-24-million/,Critical,High,Đã thu thập dữ liệu – hiện chưa được lập chỉ mục,Duplicate or variant URL pattern | Đã thu thập dữ liệu – hiện chưa được lập chỉ mục,301 AMP variant to canonical non-AMP URL and remove AMP URLs from sitemaps.
https://theccpress.com/robinhood-in-pursuit-of-a-bank-charter/amp/,amp,,https://theccpress.com/robinhood-in-pursuit-of-a-bank-charter/,Critical,High,Đã thu thập dữ liệu – hiện chưa được lập chỉ mục,Duplicate or variant URL pattern | Đã thu thập dữ liệu – hiện chưa được lập chỉ mục,301 AMP variant to canonical non-AMP URL and remove AMP URLs from sitemaps.
https://theccpress.com/russia-limited-crypto-trading-investors/amp/,amp,,https://theccpress.com/russia-limited-crypto-trading-investors/,Critical,High,Đã thu thập dữ liệu – hiện chưa được lập chỉ mục,Duplicate or variant URL pattern | Đã thu thập dữ liệu – hiện chưa được lập chỉ mục,301 AMP variant to canonical non-AMP URL and remove AMP URLs from sitemaps.
https://theccpress.com/sec-accepts-solana-etf-application/amp/,amp,,https://theccpress.com/sec-accepts-solana-etf-application/,Critical,High,Đã thu thập dữ liệu – hiện chưa được lập chỉ mục,Duplicate or variant URL pattern | Đã thu thập dữ liệu – hiện chưa được lập chỉ mục,301 AMP variant to canonical non-AMP URL and remove AMP URLs from sitemaps.
https://theccpress.com/sec-drops-appeal-ripple-xrp-lawsuit/amp/,amp,,https://theccpress.com/sec-drops-appeal-ripple-xrp-lawsuit/,Critical,High,,Duplicate or variant URL pattern,301 AMP variant to canonical non-AMP URL and remove AMP URLs from sitemaps.
https://theccpress.com/sec-new-cryptocurrency-task-force/amp/,amp,,https://theccpress.com/sec-new-cryptocurrency-task-force/,Critical,High,Đã thu thập dữ liệu – hiện chưa được lập chỉ mục,Duplicate or variant URL pattern | Đã thu thập dữ liệu – hiện chưa được lập chỉ mục,301 AMP variant to canonical non-AMP URL and remove AMP URLs from sitemaps.
https://theccpress.com/sec-record-blockchain-mentions-february/amp/,amp,,https://theccpress.com/sec-record-blockchain-mentions-february/,Critical,High,Đã thu thập dữ liệu – hiện chưa được lập chỉ mục,Duplicate or variant URL pattern | Đã thu thập dữ liệu – hiện chưa được lập chỉ mục,301 AMP variant to canonical non-AMP URL and remove AMP URLs from sitemaps.
https://theccpress.com/shib-eyes-0-50-polkadot-spikes-12-as-blockdags-hackathon-gears-up/amp/,amp,,https://theccpress.com/shib-eyes-0-50-polkadot-spikes-12-as-blockdags-hackathon-gears-up/,Critical,High,,Duplicate or variant URL pattern,301 AMP variant to canonical non-AMP URL and remove AMP URLs from sitemaps.
https://theccpress.com/shiba-inu-burn-mechanism-market-supply/amp/,amp,,https://theccpress.com/shiba-inu-burn-mechanism-market-supply/,Critical,High,Đã thu thập dữ liệu – hiện chưa được lập chỉ mục,Duplicate or variant URL pattern | Đã thu thập dữ liệu – hiện chưa được lập chỉ mục,301 AMP variant to canonical non-AMP URL and remove AMP URLs from sitemaps.
https://theccpress.com/solana-vechain-or-web3ai-the-0-10-presale-crypto-outshining-market-leaders/amp/,amp,,https://theccpress.com/solana-vechain-or-web3ai-the-0-10-presale-crypto-outshining-market-leaders/,Critical,High,Đã thu thập dữ liệu – hiện chưa được lập chỉ mục,Duplicate or variant URL pattern | Đã thu thập dữ liệu – hiện chưa được lập chỉ mục,301 AMP variant to canonical non-AMP URL and remove AMP URLs from sitemaps.
https://theccpress.com/stablecoin-inflows-predict-altcoin-rally/amp/,amp,,https://theccpress.com/stablecoin-inflows-predict-altcoin-rally/,Critical,High,Đã thu thập dữ liệu – hiện chưa được lập chỉ mục,Duplicate or variant URL pattern | Đã thu thập dữ liệu – hiện chưa được lập chỉ mục,301 AMP variant to canonical non-AMP URL and remove AMP URLs from sitemaps.
https://theccpress.com/ted-cruz-bitcoin-warren-china-control/amp/,amp,,https://theccpress.com/ted-cruz-bitcoin-warren-china-control/,Critical,High,Đã thu thập dữ liệu – hiện chưa được lập chỉ mục,Duplicate or variant URL pattern | Đã thu thập dữ liệu – hiện chưa được lập chỉ mục,301 AMP variant to canonical non-AMP URL and remove AMP URLs from sitemaps.
https://theccpress.com/tether-buys-stake-italian-media-firm/amp/,amp,,https://theccpress.com/tether-buys-stake-italian-media-firm/,Critical,High,Đã thu thập dữ liệu – hiện chưa được lập chỉ mục,Duplicate or variant URL pattern | Đã thu thập dữ liệu – hiện chưa được lập chỉ mục,301 AMP variant to canonical non-AMP URL and remove AMP URLs from sitemaps.
https://theccpress.com/tether-top-non-sovereign-gold-reserve/amp/,amp,,https://theccpress.com/tether-top-non-sovereign-gold-reserve/,Critical,High,Đã thu thập dữ liệu – hiện chưa được lập chỉ mục,Duplicate or variant URL pattern | Đã thu thập dữ liệu – hiện chưa được lập chỉ mục,301 AMP variant to canonical non-AMP URL and remove AMP URLs from sitemaps.
https://theccpress.com/the-best-meme-coin-drop-is-loading-heres-why-you-should-join-the-whitelist-today/amp/,amp,,https://theccpress.com/the-best-meme-coin-drop-is-loading-heres-why-you-should-join-the-whitelist-today/,Critical,High,Đã thu thập dữ liệu – hiện chưa được lập chỉ mục,Duplicate or variant URL pattern | Đã thu thập dữ liệu – hiện chưa được lập chỉ mục,301 AMP variant to canonical non-AMP URL and remove AMP URLs from sitemaps.
https://theccpress.com/the-government-of-austria-to-use-ethereum-for-bonds-auction/amp/,amp,,https://theccpress.com/the-government-of-austria-to-use-ethereum-for-bonds-auction/,Critical,High,Đã thu thập dữ liệu – hiện chưa được lập chỉ mục,Duplicate or variant URL pattern | Đã thu thập dữ liệu – hiện chưa được lập chỉ mục,301 AMP variant to canonical non-AMP URL and remove AMP URLs from sitemaps.
https://theccpress.com/the-pros-and-cons-of-initial-coin-offerings-icos/amp/,amp,,https://theccpress.com/the-pros-and-cons-of-initial-coin-offerings-icos/,Critical,High,Đã thu thập dữ liệu – hiện chưa được lập chỉ mục,Duplicate or variant URL pattern | Đã thu thập dữ liệu – hiện chưa được lập chỉ mục,301 AMP variant to canonical non-AMP URL and remove AMP URLs from sitemaps.
https://theccpress.com/the-update-of-cardano-ada-was-published-by-charles-hoskinson/amp/,amp,,https://theccpress.com/the-update-of-cardano-ada-was-published-by-charles-hoskinson/,Critical,High,Đã thu thập dữ liệu – hiện chưa được lập chỉ mục,Duplicate or variant URL pattern | Đã thu thập dữ liệu – hiện chưa được lập chỉ mục,301 AMP variant to canonical non-AMP URL and remove AMP URLs from sitemaps.
https://theccpress.com/this-is-why-you-should-hodl-your-cryptocurrencies/amp/,amp,,https://theccpress.com/this-is-why-you-should-hodl-your-cryptocurrencies/,Critical,High,Đã thu thập dữ liệu – hiện chưa được lập chỉ mục,Duplicate or variant URL pattern | Đã thu thập dữ liệu – hiện chưa được lập chỉ mục,301 AMP variant to canonical non-AMP URL and remove AMP URLs from sitemaps.
https://theccpress.com/top-10-cryptocurrency-price-prediction-platforms-to-follow-now/amp/,amp,,https://theccpress.com/top-10-cryptocurrency-price-prediction-platforms-to-follow-now/,Critical,High,Đã thu thập dữ liệu – hiện chưa được lập chỉ mục,Duplicate or variant URL pattern | Đã thu thập dữ liệu – hiện chưa được lập chỉ mục,301 AMP variant to canonical non-AMP URL and remove AMP URLs from sitemaps.
https://theccpress.com/top-3-best-long-term-meme-coins-to-buy-now-during-the-dip/amp/,amp,,https://theccpress.com/top-3-best-long-term-meme-coins-to-buy-now-during-the-dip/,Critical,High,,Duplicate or variant URL pattern,301 AMP variant to canonical non-AMP URL and remove AMP URLs from sitemaps.
https://theccpress.com/top-crypto-with-100x-potential-qubetics-cardano-astra-are-breaking-out-in-2025/?amp,amp,,https://theccpress.com/top-crypto-with-100x-potential-qubetics-cardano-astra-are-breaking-out-in-2025/,Critical,High,Trang thay thế có thẻ chính tắc thích hợp,Duplicate or variant URL pattern | Trang thay thế có thẻ chính tắc thích hợp,301 AMP variant to canonical non-AMP URL and remove AMP URLs from sitemaps.
https://theccpress.com/top-crypto-with-100x-potential-qubetics-cardano-astra-are-breaking-out-in-2025/amp/,amp,,https://theccpress.com/top-crypto-with-100x-potential-qubetics-cardano-astra-are-breaking-out-in-2025/,Critical,High,Đã thu thập dữ liệu – hiện chưa được lập chỉ mục,Duplicate or variant URL pattern | Đã thu thập dữ liệu – hiện chưa được lập chỉ mục,301 AMP variant to canonical non-AMP URL and remove AMP URLs from sitemaps.
https://theccpress.com/top-meme-coins-to-invest-in-now-arctic-pablo-popcat-and-brett/amp/,amp,,https://theccpress.com/top-meme-coins-to-invest-in-now-arctic-pablo-popcat-and-brett/,Critical,High,Đã thu thập dữ liệu – hiện chưa được lập chỉ mục,Duplicate or variant URL pattern | Đã thu thập dữ liệu – hiện chưa được lập chỉ mục,301 AMP variant to canonical non-AMP URL and remove AMP URLs from sitemaps.
https://theccpress.com/top-new-meme-coins-for-massive-return-potential-arctic-pablo-book-of-meme-moo-deng/amp/,amp,,https://theccpress.com/top-new-meme-coins-for-massive-return-potential-arctic-pablo-book-of-meme-moo-deng/,Critical,High,Đã thu thập dữ liệu – hiện chưa được lập chỉ mục,Duplicate or variant URL pattern | Đã thu thập dữ liệu – hiện chưa được lập chỉ mục,301 AMP variant to canonical non-AMP URL and remove AMP URLs from sitemaps.
https://theccpress.com/top-new-meme-coins-to-invest-in-now-arctic-pablo-dogs-brett/amp/,amp,,https://theccpress.com/top-new-meme-coins-to-invest-in-now-arctic-pablo-dogs-brett/,Critical,High,,Duplicate or variant URL pattern,301 AMP variant to canonical non-AMP URL and remove AMP URLs from sitemaps.
https://theccpress.com/tornado-cash-ofac-delisting/amp/,amp,,https://theccpress.com/tornado-cash-ofac-delisting/,Critical,High,Đã thu thập dữ liệu – hiện chưa được lập chỉ mục,Duplicate or variant URL pattern | Đã thu thập dữ liệu – hiện chưa được lập chỉ mục,301 AMP variant to canonical non-AMP URL and remove AMP URLs from sitemaps.
https://theccpress.com/trade-io-launches-crypto-to-crypto-exchange/amp/,amp,,https://theccpress.com/trade-io-launches-crypto-to-crypto-exchange/,Critical,High,Đã thu thập dữ liệu – hiện chưa được lập chỉ mục,Duplicate or variant URL pattern | Đã thu thập dữ liệu – hiện chưa được lập chỉ mục,301 AMP variant to canonical non-AMP URL and remove AMP URLs from sitemaps.
https://theccpress.com/treehouse-finance-400-million-valuation/?amp,amp,,https://theccpress.com/treehouse-finance-400-million-valuation/,Critical,High,Đã thu thập dữ liệu – hiện chưa được lập chỉ mục,Duplicate or variant URL pattern | Đã thu thập dữ liệu – hiện chưa được lập chỉ mục,301 AMP variant to canonical non-AMP URL and remove AMP URLs from sitemaps.
https://theccpress.com/treehouse-finance-400-million-valuation/amp/,amp,,https://theccpress.com/treehouse-finance-400-million-valuation/,Critical,High,Đã thu thập dữ liệu – hiện chưa được lập chỉ mục,Duplicate or variant URL pattern | Đã thu thập dữ liệu – hiện chưa được lập chỉ mục,301 AMP variant to canonical non-AMP URL and remove AMP URLs from sitemaps.
https://theccpress.com/trump-media-crypto-etf-launch/amp/,amp,,https://theccpress.com/trump-media-crypto-etf-launch/,Critical,High,Đã thu thập dữ liệu – hiện chưa được lập chỉ mục,Duplicate or variant URL pattern | Đã thu thập dữ liệu – hiện chưa được lập chỉ mục,301 AMP variant to canonical non-AMP URL and remove AMP URLs from sitemaps.
https://theccpress.com/trump-reciprocal-tariffs-bitcoin-impact/amp/,amp,,https://theccpress.com/trump-reciprocal-tariffs-bitcoin-impact/,Critical,High,Đã thu thập dữ liệu – hiện chưa được lập chỉ mục,Duplicate or variant URL pattern | Đã thu thập dữ liệu – hiện chưa được lập chỉ mục,301 AMP variant to canonical non-AMP URL and remove AMP URLs from sitemaps.
https://theccpress.com/trump-wlfi-token-sale-390m/amp/,amp,,https://theccpress.com/trump-wlfi-token-sale-390m/,Critical,High,Đã thu thập dữ liệu – hiện chưa được lập chỉ mục,Duplicate or variant URL pattern | Đã thu thập dữ liệu – hiện chưa được lập chỉ mục,301 AMP variant to canonical non-AMP URL and remove AMP URLs from sitemaps.
https://theccpress.com/turbo-changed-lives-arctic-pablo-could-change-yours-best-new-meme-coins-to-join-now/amp/,amp,,https://theccpress.com/turbo-changed-lives-arctic-pablo-could-change-yours-best-new-meme-coins-to-join-now/,Critical,High,Đã thu thập dữ liệu – hiện chưa được lập chỉ mục,Duplicate or variant URL pattern | Đã thu thập dữ liệu – hiện chưa được lập chỉ mục,301 AMP variant to canonical non-AMP URL and remove AMP URLs from sitemaps.
https://theccpress.com/uniswap-app-store-ranking-decline/amp/,amp,,https://theccpress.com/uniswap-app-store-ranking-decline/,Critical,High,Đã thu thập dữ liệu – hiện chưa được lập chỉ mục,Duplicate or variant URL pattern | Đã thu thập dữ liệu – hiện chưa được lập chỉ mục,301 AMP variant to canonical non-AMP URL and remove AMP URLs from sitemaps.
https://theccpress.com/uniswap-sec-relief-user-decline/amp/,amp,,https://theccpress.com/uniswap-sec-relief-user-decline/,Critical,High,Đã thu thập dữ liệu – hiện chưa được lập chỉ mục,Duplicate or variant URL pattern | Đã thu thập dữ liệu – hiện chưa được lập chỉ mục,301 AMP variant to canonical non-AMP URL and remove AMP URLs from sitemaps.
https://theccpress.com/us-congress-cryptocurrency-legislation-2025/amp/,amp,,https://theccpress.com/us-congress-cryptocurrency-legislation-2025/,Critical,High,Đã thu thập dữ liệu – hiện chưa được lập chỉ mục,Duplicate or variant URL pattern | Đã thu thập dữ liệu – hiện chưa được lập chỉ mục,301 AMP variant to canonical non-AMP URL and remove AMP URLs from sitemaps.
https://theccpress.com/us-dollar-index-decline-economic-concerns/amp/,amp,,https://theccpress.com/us-dollar-index-decline-economic-concerns/,Critical,High,Đã thu thập dữ liệu – hiện chưa được lập chỉ mục,Duplicate or variant URL pattern | Đã thu thập dữ liệu – hiện chưa được lập chỉ mục,301 AMP variant to canonical non-AMP URL and remove AMP URLs from sitemaps.
https://theccpress.com/vechain-internet-computer-and-blockdag-keynote-3-shaping-blockchains-future-with-transparency-and-governance/amp/,amp,,https://theccpress.com/vechain-internet-computer-and-blockdag-keynote-3-shaping-blockchains-future-with-transparency-and-governance/,Critical,High,,Duplicate or variant URL pattern,301 AMP variant to canonical non-AMP URL and remove AMP URLs from sitemaps.
https://theccpress.com/vitalik-buterin-praises-bittorrent-justin-sun-responds-in-a-cheeky-fashion/amp/,amp,,https://theccpress.com/vitalik-buterin-praises-bittorrent-justin-sun-responds-in-a-cheeky-fashion/,Critical,High,Đã thu thập dữ liệu – hiện chưa được lập chỉ mục,Duplicate or variant URL pattern | Đã thu thập dữ liệu – hiện chưa được lập chỉ mục,301 AMP variant to canonical non-AMP URL and remove AMP URLs from sitemaps.
https://theccpress.com/web3-ai-projects-1747-roi-as-dogecoin-stalls-and-pi-network-slides/amp/,amp,,https://theccpress.com/web3-ai-projects-1747-roi-as-dogecoin-stalls-and-pi-network-slides/,Critical,High,Đã thu thập dữ liệu – hiện chưa được lập chỉ mục,Duplicate or variant URL pattern | Đã thu thập dữ liệu – hiện chưa được lập chỉ mục,301 AMP variant to canonical non-AMP URL and remove AMP URLs from sitemaps.
https://theccpress.com/what-are-altcoins-all-you-need-to-know-about-altcoins/amp/,amp,,https://theccpress.com/what-are-altcoins-all-you-need-to-know-about-altcoins/,Critical,High,Đã thu thập dữ liệu – hiện chưa được lập chỉ mục,Duplicate or variant URL pattern | Đã thu thập dữ liệu – hiện chưa được lập chỉ mục,301 AMP variant to canonical non-AMP URL and remove AMP URLs from sitemaps.
https://theccpress.com/which-is-the-best-ethereum-mining-pool/amp/,amp,,https://theccpress.com/which-is-the-best-ethereum-mining-pool/,Critical,High,,Duplicate or variant URL pattern,301 AMP variant to canonical non-AMP URL and remove AMP URLs from sitemaps.
https://theccpress.com/which-is-the-best-nicehash-alternative-for-cryptocurrency-mining/amp/,amp,,https://theccpress.com/which-is-the-best-nicehash-alternative-for-cryptocurrency-mining/,Critical,High,,Duplicate or variant URL pattern,301 AMP variant to canonical non-AMP URL and remove AMP URLs from sitemaps.
https://theccpress.com/why-should-you-use-bitcoin-instead-of-cash/amp/,amp,,https://theccpress.com/why-should-you-use-bitcoin-instead-of-cash/,Critical,High,Đã thu thập dữ liệu – hiện chưa được lập chỉ mục,Duplicate or variant URL pattern | Đã thu thập dữ liệu – hiện chưa được lập chỉ mục,301 AMP variant to canonical non-AMP URL and remove AMP URLs from sitemaps.
https://theccpress.com/xrp-gains-on-etf-buzz-dogecoin-could-hit-5-cold-wallets-0-007-presale-may-be-the-smarter-crypto-to-buy-today/amp/,amp,,https://theccpress.com/xrp-gains-on-etf-buzz-dogecoin-could-hit-5-cold-wallets-0-007-presale-may-be-the-smarter-crypto-to-buy-today/,Critical,High,Đã thu thập dữ liệu – hiện chưa được lập chỉ mục,Duplicate or variant URL pattern | Đã thu thập dữ liệu – hiện chưa được lập chỉ mục,301 AMP variant to canonical non-AMP URL and remove AMP URLs from sitemaps.
https://theccpress.com/xrp-ripple-etf-gains-40m/amp/,amp,,https://theccpress.com/xrp-ripple-etf-gains-40m/,Critical,High,Đã thu thập dữ liệu – hiện chưa được lập chỉ mục,Duplicate or variant URL pattern | Đã thu thập dữ liệu – hiện chưa được lập chỉ mục,301 AMP variant to canonical non-AMP URL and remove AMP URLs from sitemaps.
https://www.theccpress.com/1xbit-online-sports-betting-for-crypto-owners/amp/,amp,,https://www.theccpress.com/1xbit-online-sports-betting-for-crypto-owners/,Critical,High,Đã thu thập dữ liệu – hiện chưa được lập chỉ mục,Duplicate or variant URL pattern | Đã thu thập dữ liệu – hiện chưa được lập chỉ mục,301 AMP variant to canonical non-AMP URL and remove AMP URLs from sitemaps.
https://www.theccpress.com/bitcoin-trump-reciprocal-tariffs-impact/amp/,amp,,https://www.theccpress.com/bitcoin-trump-reciprocal-tariffs-impact/,Critical,High,Đã thu thập dữ liệu – hiện chưa được lập chỉ mục,Duplicate or variant URL pattern | Đã thu thập dữ liệu – hiện chưa được lập chỉ mục,301 AMP variant to canonical non-AMP URL and remove AMP URLs from sitemaps.
https://www.theccpress.com/bitmex-has-announced-plans-to-settle-all-bch-contracts-with-bchabc-after-the-hard-fork/?amp,amp,,https://www.theccpress.com/bitmex-has-announced-plans-to-settle-all-bch-contracts-with-bchabc-after-the-hard-fork/,Critical,High,Đã thu thập dữ liệu – hiện chưa được lập chỉ mục,Duplicate or variant URL pattern | Đã thu thập dữ liệu – hiện chưa được lập chỉ mục,301 AMP variant to canonical non-AMP URL and remove AMP URLs from sitemaps.
https://www.theccpress.com/blackrock-crypto-uk-approval-unverified/amp/,amp,,https://www.theccpress.com/blackrock-crypto-uk-approval-unverified/,Critical,High,Đã thu thập dữ liệu – hiện chưa được lập chỉ mục,Duplicate or variant URL pattern | Đã thu thập dữ liệu – hiện chưa được lập chỉ mục,301 AMP variant to canonical non-AMP URL and remove AMP URLs from sitemaps.
https://www.theccpress.com/china-us-trade-tariffs-response/amp/,amp,,https://www.theccpress.com/china-us-trade-tariffs-response/,Critical,High,Đã thu thập dữ liệu – hiện chưa được lập chỉ mục,Duplicate or variant URL pattern | Đã thu thập dữ liệu – hiện chưa được lập chỉ mục,301 AMP variant to canonical non-AMP URL and remove AMP URLs from sitemaps.
https://www.theccpress.com/ethereum-nft-marketplace-x2y2-shutdown/amp/,amp,,https://www.theccpress.com/ethereum-nft-marketplace-x2y2-shutdown/,Critical,High,Đã thu thập dữ liệu – hiện chưa được lập chỉ mục,Duplicate or variant URL pattern | Đã thu thập dữ liệu – hiện chưa được lập chỉ mục,301 AMP variant to canonical non-AMP URL and remove AMP URLs from sitemaps.
https://www.theccpress.com/etoro-reveals-acquisition-of-smart-contract-startup/amp/,amp,,https://www.theccpress.com/etoro-reveals-acquisition-of-smart-contract-startup/,Critical,High,Đã thu thập dữ liệu – hiện chưa được lập chỉ mục,Duplicate or variant URL pattern | Đã thu thập dữ liệu – hiện chưa được lập chỉ mục,301 AMP variant to canonical non-AMP URL and remove AMP URLs from sitemaps.
https://www.theccpress.com/founder-of-weexchange-and-bitfunder-was-found-guilty-of-security-fraud/amp/,amp,,https://www.theccpress.com/founder-of-weexchange-and-bitfunder-was-found-guilty-of-security-fraud/,Critical,High,Đã thu thập dữ liệu – hiện chưa được lập chỉ mục,Duplicate or variant URL pattern | Đã thu thập dữ liệu – hiện chưa được lập chỉ mục,301 AMP variant to canonical non-AMP URL and remove AMP URLs from sitemaps.
https://www.theccpress.com/how-to-buy-bitcoin-with-coinbase-beginners-guide/amp/,amp,,https://www.theccpress.com/how-to-buy-bitcoin-with-coinbase-beginners-guide/,Critical,High,,Duplicate or variant URL pattern,301 AMP variant to canonical non-AMP URL and remove AMP URLs from sitemaps.
https://www.theccpress.com/if-you-slept-on-dogecoin-dont-miss-this-upcoming-meme-coin-thats-prowling-for-gains/amp/,amp,,https://www.theccpress.com/if-you-slept-on-dogecoin-dont-miss-this-upcoming-meme-coin-thats-prowling-for-gains/,Critical,High,,Duplicate or variant URL pattern,301 AMP variant to canonical non-AMP URL and remove AMP URLs from sitemaps.
https://www.theccpress.com/most-potential-crypto-in-2025-qubetics-ethereum-hedera-offer-real-world-utility/amp/,amp,,https://www.theccpress.com/most-potential-crypto-in-2025-qubetics-ethereum-hedera-offer-real-world-utility/,Critical,High,Đã thu thập dữ liệu – hiện chưa được lập chỉ mục,Duplicate or variant URL pattern | Đã thu thập dữ liệu – hiện chưa được lập chỉ mục,301 AMP variant to canonical non-AMP URL and remove AMP URLs from sitemaps.
https://www.theccpress.com/russia-limited-crypto-trading-investors/amp/,amp,,https://www.theccpress.com/russia-limited-crypto-trading-investors/,Critical,High,Đã thu thập dữ liệu – hiện chưa được lập chỉ mục,Duplicate or variant URL pattern | Đã thu thập dữ liệu – hiện chưa được lập chỉ mục,301 AMP variant to canonical non-AMP URL and remove AMP URLs from sitemaps.
https://www.theccpress.com/san-francisco-based-vc-fund-okta-ventures-invests-in-its-first-blockchain-focused-startup/amp/,amp,,https://www.theccpress.com/san-francisco-based-vc-fund-okta-ventures-invests-in-its-first-blockchain-focused-startup/,Critical,High,Đã thu thập dữ liệu – hiện chưa được lập chỉ mục,Duplicate or variant URL pattern | Đã thu thập dữ liệu – hiện chưa được lập chỉ mục,301 AMP variant to canonical non-AMP URL and remove AMP URLs from sitemaps.
https://www.theccpress.com/tether-buys-stake-be-water-media/amp/,amp,,https://www.theccpress.com/tether-buys-stake-be-water-media/,Critical,High,Đã thu thập dữ liệu – hiện chưa được lập chỉ mục,Duplicate or variant URL pattern | Đã thu thập dữ liệu – hiện chưa được lập chỉ mục,301 AMP variant to canonical non-AMP URL and remove AMP URLs from sitemaps.
https://www.theccpress.com/treehouse-finance-400-million-valuation/?amp,amp,,https://www.theccpress.com/treehouse-finance-400-million-valuation/,Critical,High,Đã thu thập dữ liệu – hiện chưa được lập chỉ mục,Duplicate or variant URL pattern | Đã thu thập dữ liệu – hiện chưa được lập chỉ mục,301 AMP variant to canonical non-AMP URL and remove AMP URLs from sitemaps.
https://www.theccpress.com/vitalik-buterin-praises-bittorrent-justin-sun-responds-in-a-cheeky-fashion/amp/,amp,,https://www.theccpress.com/vitalik-buterin-praises-bittorrent-justin-sun-responds-in-a-cheeky-fashion/,Critical,High,Đã thu thập dữ liệu – hiện chưa được lập chỉ mục,Duplicate or variant URL pattern | Đã thu thập dữ liệu – hiện chưa được lập chỉ mục,301 AMP variant to canonical non-AMP URL and remove AMP URLs from sitemaps.
https://www.theccpress.com/why-blockdags-final-testnet-matters-while-sui-price-slips-stellar-xlm-price-eyes-0-86/amp/,amp,,https://www.theccpress.com/why-blockdags-final-testnet-matters-while-sui-price-slips-stellar-xlm-price-eyes-0-86/,Critical,High,Đã thu thập dữ liệu – hiện chưa được lập chỉ mục,Duplicate or variant URL pattern | Đã thu thập dữ liệu – hiện chưa được lập chỉ mục,301 AMP variant to canonical non-AMP URL and remove AMP URLs from sitemaps.
https://theccpress.com/cmc/,cmc_archive,404,,Critical,High,,Large CMC archive footprint,Current /cmc/ URL is 404; map to the surviving CMC archive/category or retire with a controlled redirect.
http://theccpress.com/?page_id=109,parameter,,http://theccpress.com/,Critical,High,Trang có lệnh chuyển hướng,Duplicate or variant URL pattern | Trang có lệnh chuyển hướng,301 parameter URL to canonical clean URL; remove parameter discovery from schema/internal links.
https://theccpress.com/?p=10658,parameter,,https://theccpress.com/,Critical,High,,Duplicate or variant URL pattern,301 parameter URL to canonical clean URL; remove parameter discovery from schema/internal links.
https://theccpress.com/?p=12325,parameter,,https://theccpress.com/,Critical,High,Đã thu thập dữ liệu – hiện chưa được lập chỉ mục,Duplicate or variant URL pattern | Đã thu thập dữ liệu – hiện chưa được lập chỉ mục,301 parameter URL to canonical clean URL; remove parameter discovery from schema/internal links.
https://theccpress.com/?p=13148,parameter,,https://theccpress.com/,Critical,High,Đã thu thập dữ liệu – hiện chưa được lập chỉ mục,Duplicate or variant URL pattern | Đã thu thập dữ liệu – hiện chưa được lập chỉ mục,301 parameter URL to canonical clean URL; remove parameter discovery from schema/internal links.
https://theccpress.com/?p=13682,parameter,,https://theccpress.com/,Critical,High,Trang thay thế có thẻ chính tắc thích hợp,Duplicate or variant URL pattern | Trang thay thế có thẻ chính tắc thích hợp,301 parameter URL to canonical clean URL; remove parameter discovery from schema/internal links.
https://theccpress.com/?p=13999,parameter,,https://theccpress.com/,Critical,High,Trang thay thế có thẻ chính tắc thích hợp,Duplicate or variant URL pattern | Trang thay thế có thẻ chính tắc thích hợp,301 parameter URL to canonical clean URL; remove parameter discovery from schema/internal links.
https://theccpress.com/?p=9892,parameter,,https://theccpress.com/,Critical,High,Không tìm thấy (404),Duplicate or variant URL pattern | Không tìm thấy (404),301 parameter URL to canonical clean URL; remove parameter discovery from schema/internal links.
https://theccpress.com/?page_id=109,parameter,,https://theccpress.com/,Critical,High,Trang thay thế có thẻ chính tắc thích hợp,Duplicate or variant URL pattern | Trang thay thế có thẻ chính tắc thích hợp,301 parameter URL to canonical clean URL; remove parameter discovery from schema/internal links.
https://theccpress.com/?utm_source=blockspot,parameter,,https://theccpress.com/,Critical,High,Trang thay thế có thẻ chính tắc thích hợp,Duplicate or variant URL pattern | Trang thay thế có thẻ chính tắc thích hợp,301 parameter URL to canonical clean URL; remove parameter discovery from schema/internal links.
https://theccpress.com/bdag-testnet-0-0025-window-doge-resists-polygon-expands/?noamp=mobile,parameter,,https://theccpress.com/bdag-testnet-0-0025-window-doge-resists-polygon-expands/,Critical,High,Đã thu thập dữ liệu – hiện chưa được lập chỉ mục,Duplicate or variant URL pattern | Đã thu thập dữ liệu – hiện chưa được lập chỉ mục,301 parameter URL to canonical clean URL; remove parameter discovery from schema/internal links.
https://theccpress.com/the-tron-trx-sun-network-testnet-is-set-for-release/?utm_source=CryptoNews&utm_medium=app,parameter,,https://theccpress.com/the-tron-trx-sun-network-testnet-is-set-for-release/,Critical,High,,Duplicate or variant URL pattern,301 parameter URL to canonical clean URL; remove parameter discovery from schema/internal links.
https://www.theccpress.com/bitmex-has-announced-plans-to-settle-all-bch-contracts-with-bchabc-after-the-hard-fork/?noamp=mobile,parameter,,https://www.theccpress.com/bitmex-has-announced-plans-to-settle-all-bch-contracts-with-bchabc-after-the-hard-fork/,Critical,High,,Duplicate or variant URL pattern,301 parameter URL to canonical clean URL; remove parameter discovery from schema/internal links.
https://www.theccpress.com/founder-of-weexchange-and-bitfunder-was-found-guilty-of-security-fraud/?noamp=mobile,parameter,,https://www.theccpress.com/founder-of-weexchange-and-bitfunder-was-found-guilty-of-security-fraud/,Critical,High,Đã thu thập dữ liệu – hiện chưa được lập chỉ mục,Duplicate or variant URL pattern | Đã thu thập dữ liệu – hiện chưa được lập chỉ mục,301 parameter URL to canonical clean URL; remove parameter discovery from schema/internal links.
https://www.theccpress.com/iohk-launches-its-second-cardano-smart-contract-dubbed-iele/?noamp=mobile,parameter,,https://www.theccpress.com/iohk-launches-its-second-cardano-smart-contract-dubbed-iele/,Critical,High,,Duplicate or variant URL pattern,301 parameter URL to canonical clean URL; remove parameter discovery from schema/internal links.
https://theccpress.com/altcoin-news/,post,404,,Critical,High,,,404 URL has no safe replacement in the decision sheet; manual destination mapping required before redirect.
https://theccpress.com/best-betting-sites-2025-in-depth-comparison-of-spartans-hard-rock-bet-stake-com-betano/,post,404,,Critical,High,,Non-indexable URL appears in sitemap,404 URL has no safe replacement in the decision sheet; manual destination mapping required before redirect.
https://theccpress.com/best-crypto-casinos-for-sports-and-slots-in-2025-top-6-ranked/,post,404,,Critical,High,,Non-indexable URL appears in sitemap,404 URL has no safe replacement in the decision sheet; manual destination mapping required before redirect.
https://theccpress.com/category/bitcoin/,post,404,,Critical,High,,Non-indexable URL appears in sitemap,404 URL has no safe replacement in the decision sheet; manual destination mapping required before redirect.
https://theccpress.com/category/crypto-101/exchanges/,post,404,,Critical,High,,Non-indexable URL appears in sitemap,404 URL has no safe replacement in the decision sheet; manual destination mapping required before redirect.
https://theccpress.com/category/crypto-101/wallets/,post,404,,Critical,High,,Non-indexable URL appears in sitemap,404 URL has no safe replacement in the decision sheet; manual destination mapping required before redirect.
https://theccpress.com/category/finance-blockchain/,post,404,,Critical,High,,Non-indexable URL appears in sitemap,404 URL has no safe replacement in the decision sheet; manual destination mapping required before redirect.
https://theccpress.com/category/knowledge/,post,404,,Critical,High,,Non-indexable URL appears in sitemap,404 URL has no safe replacement in the decision sheet; manual destination mapping required before redirect.
https://theccpress.com/crypto-101/,post,404,,Critical,High,,,404 URL has no safe replacement in the decision sheet; manual destination mapping required before redirect.
https://theccpress.com/latest-news/,post,404,,Critical,High,,,404 URL has no safe replacement in the decision sheet; manual destination mapping required before redirect.
https://theccpress.com/latest-news/bitcoin-news/,post,404,,Critical,High,,,404 URL has no safe replacement in the decision sheet; manual destination mapping required before redirect.
https://theccpress.com/learn-crypto/blockchain-technology/,post,301,https://theccpress.com/blockchain-technology-to-receive-funding-from-the-south-koreas-4-4-b-grant/,High,High,,,Redirect to https://theccpress.com/blockchain-technology-to-receive-funding-from-the-south-koreas-4-4-b-grant/.
https://theccpress.com/news/,post,301,https://theccpress.com/newsmax-5m-crypto-treasury-bitcoin-trump/,High,High,,,Redirect to https://theccpress.com/newsmax-5m-crypto-treasury-bitcoin-trump/.
https://theccpress.com/spartans-beats-stake-com-and-bc-game-with-the-fastest-user-friendly-casino-experience/,post,404,,Critical,High,,Non-indexable URL appears in sitemap,404 URL has no safe replacement in the decision sheet; manual destination mapping required before redirect.
https://theccpress.com/spartans-betting-sports-crash-games-crypto-in-one/,post,404,,Critical,High,,Non-indexable URL appears in sitemap,404 URL has no safe replacement in the decision sheet; manual destination mapping required before redirect.
https://theccpress.com/spartans-the-top-crypto-casino-for-gen-z-with-43-providers-and-no-loss-cashrake/,post,404,,Critical,High,,Non-indexable URL appears in sitemap,404 URL has no safe replacement in the decision sheet; manual destination mapping required before redirect.
https://theccpress.com/spartans-vs-stake-com-betano-live-betting-test-2025/,post,404,,Critical,High,,Non-indexable URL appears in sitemap,404 URL has no safe replacement in the decision sheet; manual destination mapping required before redirect.
https://theccpress.com/top-10-casinos-of-2025-why-spartans-cashrake-leads/,post,404,,Critical,High,,Non-indexable URL appears in sitemap,404 URL has no safe replacement in the decision sheet; manual destination mapping required before redirect.
https://theccpress.com/top-4-best-betting-sites-in-2025-spartans-bet365-william-hill-unibet-compared/,post,404,,Critical,High,,Non-indexable URL appears in sitemap,404 URL has no safe replacement in the decision sheet; manual destination mapping required before redirect.
https://theccpress.com/top-5-trends-driving-crypto-betting-growth-in-2025-spartans-vs-legacy-platforms/,post,404,,Critical,High,,Non-indexable URL appears in sitemap,404 URL has no safe replacement in the decision sheet; manual destination mapping required before redirect.
https://theccpress.com/top-crypto-casinos-for-high-stakes-gamblers-in-2025-how-to-grab-betting-bonus-instantly/,post,404,,Critical,High,,Non-indexable URL appears in sitemap,404 URL has no safe replacement in the decision sheet; manual destination mapping required before redirect.
https://theccpress.com/top-picks/crypto-exchanges/,post,301,https://theccpress.com/top-seven-fiat-to-crypto-exchanges/,High,High,,,Redirect to https://theccpress.com/top-seven-fiat-to-crypto-exchanges/.
https://theccpress.com/what-is-cryptocurrency-beginners-guide/,post,404,,Critical,High,,,404 URL has no safe replacement in the decision sheet; manual destination mapping required before redirect.
https://theccpress.com/latest-news/press-release/,press_release_archive,301,https://theccpress.com/,Critical,High,,High-risk archive bucket,Archive variant should 301 to https://theccpress.com/.
