URL,Type,Status Code,In Sitemap,Priority,GSC Indexing Blocker,Notes
https://theccpress.com/category/altcoin-news/page/25/,pagination,200,no,High,,
https://theccpress.com/category/altcoin-news/page/26/,pagination,200,no,High,,
https://theccpress.com/category/altcoin-news/page/27/,pagination,200,no,High,,
https://theccpress.com/category/altcoin-news/page/28/,pagination,200,no,High,,
https://theccpress.com/category/altcoin-news/page/29/,pagination,200,no,High,,
https://theccpress.com/category/altcoin-news/page/30/,pagination,200,no,High,,
https://theccpress.com/category/altcoin-news/page/31/,pagination,200,no,High,,
https://theccpress.com/category/altcoin-news/page/32/,pagination,200,no,High,,
https://theccpress.com/category/altcoin-news/page/35/,pagination,200,no,High,,
https://theccpress.com/category/altcoin-news/page/36/,pagination,200,no,High,,
https://theccpress.com/category/altcoin-news/page/37/,pagination,200,no,High,,
https://theccpress.com/category/altcoin-news/page/40/,pagination,200,no,High,,
https://theccpress.com/category/altcoin-news/page/41/,pagination,200,no,High,,
https://theccpress.com/category/altcoin-news/page/42/,pagination,200,no,High,,
https://theccpress.com/category/altcoin-news/page/45/,pagination,200,no,High,,
https://theccpress.com/category/altcoin-news/page/46/,pagination,200,no,High,,
https://theccpress.com/category/altcoin-news/page/47/,pagination,200,no,High,,
https://theccpress.com/category/altcoin-news/page/48/,pagination,200,no,High,,
https://theccpress.com/category/altcoin-news/page/49/,pagination,200,no,High,,
https://theccpress.com/category/altcoin-news/page/51/,pagination,200,no,High,,
https://theccpress.com/category/altcoin-news/page/52/,pagination,200,no,High,,
https://theccpress.com/category/altcoin-news/page/56/,pagination,200,no,High,,
https://theccpress.com/category/altcoin-news/page/58/,pagination,200,no,High,,
https://theccpress.com/category/altcoin-news/page/62/,pagination,200,no,High,,
https://theccpress.com/category/altcoin-news/page/75/,pagination,200,no,High,,
https://theccpress.com/category/bitcoin/page/10/,pagination,,no,High,,
https://theccpress.com/category/bitcoin/page/11/,pagination,,no,High,,
https://theccpress.com/category/bitcoin/page/12/,pagination,,no,High,,
https://theccpress.com/category/bitcoin/page/13/,pagination,,no,High,,
https://theccpress.com/category/bitcoin/page/14/,pagination,,no,High,,
https://theccpress.com/category/bitcoin/page/16/,pagination,,no,High,,
https://theccpress.com/category/bitcoin/page/17/,pagination,,no,High,,
https://theccpress.com/category/bitcoin/page/18/,pagination,,no,High,,
https://theccpress.com/category/bitcoin/page/19/,pagination,,no,High,,
https://theccpress.com/category/bitcoin/page/20/,pagination,,no,High,,
https://theccpress.com/category/bitcoin/page/25/,pagination,,no,High,,
https://theccpress.com/category/bitcoin/page/27/,pagination,,no,High,,
https://theccpress.com/category/bitcoin/page/3/,pagination,,no,High,,
https://theccpress.com/category/bitcoin/page/30/,pagination,,no,High,,
https://theccpress.com/category/bitcoin/page/33/,pagination,,no,High,,
https://theccpress.com/category/bitcoin/page/35/,pagination,,no,High,,
https://theccpress.com/category/bitcoin/page/4/,pagination,,no,High,,
https://theccpress.com/category/bitcoin/page/6/,pagination,,no,High,,
https://theccpress.com/category/bitcoin/page/7/,pagination,,no,High,,
https://theccpress.com/category/bitcoin/page/9/,pagination,,no,High,,
https://theccpress.com/category/crypto-101/page/5/,pagination,200,no,High,,
https://theccpress.com/category/crypto-101/page/6/,pagination,200,no,High,,
https://theccpress.com/category/crypto-101/wallets/page/2/,pagination,,no,High,,
https://theccpress.com/category/latest-news/page/45/,pagination,200,no,High,,
https://theccpress.com/category/press-releases/page/2/,pagination,,no,High,,
https://www.theccpress.com/category/altcoin-news/page/57/,pagination,,no,High,,
https://theccpress.com/category/latest-news/blockchain-news/,post,200,no,High,,
https://theccpress.com/united-stables-u-maintains-dollar-peg-as-liquidity-expands-on-bnb-chain/,post,200,no,High,,
https://theccpress.com/zkp-advances-verifiable-ai-infrastructure-as-testnet-validates-hybrid-consensus/,post,200,no,High,,
https://theccpress.com/category/latest-news/press-release/,press_release_archive,200,no,Critical,,High-risk archive bucket
https://theccpress.com/category/press-releases/,press_release_archive,200,yes,Critical,,High-risk archive bucket | Non-indexable URL appears in sitemap
https://theccpress.com/submit-press-release/,press_release_archive,200,yes,Critical,,High-risk archive bucket
https://www.theccpress.com/category/press-releases/,press_release_archive,,no,Critical,,High-risk archive bucket
https://theccpress.com/tag/2900-roi/,tag_archive,200,no,High,,
https://theccpress.com/tag/315/,tag_archive,200,no,High,,
https://theccpress.com/tag/amfeix/,tag_archive,200,no,High,,
https://theccpress.com/tag/best-cryptocurrencies-to-buy/,tag_archive,200,no,High,,
https://theccpress.com/tag/betting/,tag_archive,200,no,High,,
https://theccpress.com/tag/binance-smart-chain-future/,tag_archive,,no,High,,
https://theccpress.com/tag/bitcoin-cash/,tag_archive,200,no,High,,
https://theccpress.com/tag/bitcoin/,tag_archive,200,no,High,,
https://theccpress.com/tag/bitfinexed/,tag_archive,200,no,High,,
https://theccpress.com/tag/btfd-staking/,tag_archive,200,no,High,,
https://theccpress.com/tag/coinbase-review/,tag_archive,200,no,High,,
https://theccpress.com/tag/community-competitions/,tag_archive,,no,High,,
https://theccpress.com/tag/cross-chain-blockchain-aggregator/,tag_archive,200,no,High,,
https://theccpress.com/tag/crypto-analysts/,tag_archive,,no,High,,
https://theccpress.com/tag/crypto-for-businesses/,tag_archive,,no,High,,
https://theccpress.com/tag/crypto-investment/,tag_archive,200,no,High,,
https://theccpress.com/tag/crypto-wallet/,tag_archive,200,no,High,,
https://theccpress.com/tag/cryptocurrency-exchange/page/2/,tag_archive,200,no,High,,
https://theccpress.com/tag/cryptocurrency/,tag_archive,200,no,High,,
https://theccpress.com/tag/cryptocurrency/page/21/,tag_archive,200,no,High,,
https://theccpress.com/tag/currency-hackers/,tag_archive,200,no,High,,
https://theccpress.com/tag/eth/,tag_archive,200,no,High,,
https://theccpress.com/tag/ethereum-fork/,tag_archive,200,no,High,,
https://theccpress.com/tag/ethereum/,tag_archive,200,no,High,,
https://theccpress.com/tag/europe/,tag_archive,200,no,High,,
https://theccpress.com/tag/flutterwave/,tag_archive,200,no,High,,
https://theccpress.com/tag/football/,tag_archive,200,no,High,,
https://theccpress.com/tag/hashing-algorithms/,tag_archive,200,no,High,,
https://theccpress.com/tag/litecoin/,tag_archive,200,no,High,,
https://theccpress.com/tag/ltc-etfs/,tag_archive,,no,High,,
https://theccpress.com/tag/malawi/,tag_archive,200,no,High,,
https://theccpress.com/tag/malta/,tag_archive,200,no,High,,
https://theccpress.com/tag/media/,tag_archive,200,no,High,,
https://theccpress.com/tag/mining/page/2/,tag_archive,200,no,High,,
https://theccpress.com/tag/monero/,tag_archive,200,no,High,,
https://theccpress.com/tag/mvbtco/,tag_archive,200,no,High,,
https://theccpress.com/tag/north-korea-hack/,tag_archive,200,no,High,,
https://theccpress.com/tag/pepe-coin/,tag_archive,200,no,High,,
https://theccpress.com/tag/pepe-price/,tag_archive,200,no,High,,
https://theccpress.com/tag/polygon-matic/,tag_archive,,no,High,,
https://theccpress.com/tag/qubetics/,tag_archive,200,no,High,,
https://theccpress.com/tag/ria-money-transfer/,tag_archive,200,no,High,,
https://theccpress.com/tag/ripple/,tag_archive,200,no,High,,
https://theccpress.com/tag/securities/,tag_archive,200,no,High,,
https://theccpress.com/tag/security/,tag_archive,200,no,High,,
https://theccpress.com/tag/sei/,tag_archive,,no,High,,
https://theccpress.com/tag/solana/,tag_archive,200,no,High,,
https://theccpress.com/tag/sponsored/,tag_archive,200,no,High,,
https://theccpress.com/tag/technology/,tag_archive,200,no,High,,
https://theccpress.com/tag/tics-token/,tag_archive,200,no,High,,
https://theccpress.com/tag/trading-platform/,tag_archive,200,no,High,,
https://theccpress.com/tag/troller-cat-crypto/,tag_archive,200,no,High,,
https://theccpress.com/tag/trollercat-com/,tag_archive,200,no,High,,
https://theccpress.com/tag/trollercat-whitelist-crypto/,tag_archive,,no,High,,
https://theccpress.com/tag/turbo/,tag_archive,,no,High,,
https://theccpress.com/tag/vitalik/,tag_archive,200,no,High,,
https://theccpress.com/tag/vk-coin/,tag_archive,200,no,High,,
https://theccpress.com/tag/yobit-exchange-review/,tag_archive,200,no,High,,
https://theccpress.com/tag/zambia/,tag_archive,200,no,High,,
https://www.theccpress.com/tag/agreement/,tag_archive,,no,High,,
https://www.theccpress.com/tag/arbismart/,tag_archive,,no,High,,
https://www.theccpress.com/tag/bexplus/,tag_archive,,no,High,,
https://www.theccpress.com/tag/bgaming/,tag_archive,,no,High,,
https://www.theccpress.com/tag/biboxeurope/,tag_archive,,no,High,,
https://www.theccpress.com/tag/bitcoin-casinos/,tag_archive,,no,High,,
https://www.theccpress.com/tag/bitfinexed/,tag_archive,,no,High,,
https://www.theccpress.com/tag/blockchain-accelerator/,tag_archive,,no,High,,
https://www.theccpress.com/tag/brazil/,tag_archive,,no,High,,
https://www.theccpress.com/tag/brokers/,tag_archive,,no,High,,
https://www.theccpress.com/tag/cannabidiol/,tag_archive,,no,High,,
https://www.theccpress.com/tag/casino/,tag_archive,,no,High,,
https://www.theccpress.com/tag/circle/,tag_archive,,no,High,,
https://www.theccpress.com/tag/coin-dance/,tag_archive,,no,High,,
https://www.theccpress.com/tag/coinspectator/,tag_archive,,no,High,,
https://www.theccpress.com/tag/cold-wallets/,tag_archive,,no,High,,
https://www.theccpress.com/tag/crypto-news-aggregator/,tag_archive,,no,High,,
https://www.theccpress.com/tag/cryptopia/,tag_archive,,no,High,,
https://www.theccpress.com/tag/cuallix/,tag_archive,,no,High,,
https://www.theccpress.com/tag/diamonds/,tag_archive,,no,High,,
https://www.theccpress.com/tag/doj/,tag_archive,,no,High,,
https://www.theccpress.com/tag/domainbam/,tag_archive,,no,High,,
https://www.theccpress.com/tag/donations/,tag_archive,,no,High,,
https://www.theccpress.com/tag/dpow/,tag_archive,,no,High,,
https://www.theccpress.com/tag/dragonex/,tag_archive,,no,High,,
https://www.theccpress.com/tag/enjin/,tag_archive,,no,High,,
https://www.theccpress.com/tag/etorox/,tag_archive,,no,High,,
https://www.theccpress.com/tag/exchanges/,tag_archive,,no,High,,
https://www.theccpress.com/tag/financial/,tag_archive,,no,High,,
https://www.theccpress.com/tag/fincen/,tag_archive,,no,High,,
https://www.theccpress.com/tag/fntt/,tag_archive,,no,High,,
https://www.theccpress.com/tag/france/,tag_archive,,no,High,,
https://www.theccpress.com/tag/guardian/,tag_archive,,no,High,,
https://www.theccpress.com/tag/hardware/,tag_archive,,no,High,,
https://www.theccpress.com/tag/hiv/,tag_archive,,no,High,,
https://www.theccpress.com/tag/hyderabad/,tag_archive,,no,High,,
https://www.theccpress.com/tag/komodo/,tag_archive,,no,High,,
https://www.theccpress.com/tag/law/,tag_archive,,no,High,,
https://www.theccpress.com/tag/ledgerx/,tag_archive,,no,High,,
https://www.theccpress.com/tag/liechtenstein/,tag_archive,,no,High,,
https://www.theccpress.com/tag/locacoins/,tag_archive,,no,High,,
https://www.theccpress.com/tag/local/,tag_archive,,no,High,,
https://www.theccpress.com/tag/mercedes/,tag_archive,,no,High,,
https://www.theccpress.com/tag/moneytap/,tag_archive,,no,High,,
https://www.theccpress.com/tag/nypd/,tag_archive,,no,High,,
https://www.theccpress.com/tag/okex-lists-ripple/,tag_archive,,no,High,,
https://www.theccpress.com/tag/omgfin/,tag_archive,,no,High,,
https://www.theccpress.com/tag/paxos/,tag_archive,,no,High,,
https://www.theccpress.com/tag/qubetics-mainnet-launch/,tag_archive,,no,High,,
https://www.theccpress.com/tag/rihanna/,tag_archive,,no,High,,
https://www.theccpress.com/tag/rjv12-algorithm/,tag_archive,,no,High,,
https://www.theccpress.com/tag/singapore/,tag_archive,,no,High,,
https://www.theccpress.com/tag/solar/,tag_archive,,no,High,,
https://www.theccpress.com/tag/supply/,tag_archive,,no,High,,
https://www.theccpress.com/tag/telegram-cryptocurrency-channels/,tag_archive,,no,High,,
https://www.theccpress.com/tag/trading-strategies/,tag_archive,,no,High,,
https://www.theccpress.com/tag/trollercat-com/,tag_archive,,no,High,,
https://www.theccpress.com/tag/tron-vs-cardano/,tag_archive,,no,High,,
https://www.theccpress.com/tag/tv/,tag_archive,,no,High,,
https://www.theccpress.com/tag/uefa/,tag_archive,,no,High,,
https://www.theccpress.com/tag/upbit/,tag_archive,,no,High,,
https://www.theccpress.com/tag/ups/,tag_archive,,no,High,,
https://www.theccpress.com/tag/xiaolai/,tag_archive,,no,High,,
https://www.theccpress.com/tag/zb/,tag_archive,,no,High,,
